data,submercado,GWhDia,GWhAcMes,GWhAcAno,MWhDia,MWhAcMes,MWhAcAno
2005-08-03,SE/CO,694,2.055,146.009,,,
2005-08-03,S,186,546,39.447,,,
2005-08-03,NE,158,471,34.067,,,
2005-08-03,N,75,225,15.726,,,
2005-08-03,SIN,1.113,3.298,235.250,,,
2005-08-04,SE/CO,698,2.753,146.707,,,
2005-08-04,S,187,733,39.634,,,
2005-08-04,NE,161,632,34.228,,,
2005-08-04,N,76,301,15.802,,,
2005-08-04,SIN,1.121,4.419,236.372,,,
2005-08-05,SE/CO,701,3.455,147.409,,,
2005-08-05,S,187,920,39.821,,,
2005-08-05,NE,159,791,34.388,,,
2005-08-05,N,75,376,15.877,,,
2005-08-05,SIN,1.123,5.543,237.495,,,
2005-08-06,SE/CO,648,4.103,148.057,,,
2005-08-06,S,162,1.082,39.983,,,
2005-08-06,NE,151,943,34.539,,,
2005-08-06,N,74,451,15.952,,,
2005-08-06,SIN,1.036,6.579,238.531,,,
2005-08-07,SE/CO,578,4.681,148.635,,,
2005-08-07,S,133,1.216,40.117,,,
2005-08-07,NE,139,1.081,34.678,,,
2005-08-07,N,71,522,16.023,,,
2005-08-07,SIN,922,7.501,239.453,,,
2005-08-08,SE/CO,685,5.367,149.321,,,
2005-08-08,S,179,1.395,40.296,,,
2005-08-08,NE,156,1.237,34.833,,,
2005-08-08,N,77,599,16.100,,,
2005-08-08,SIN,1.097,8.597,240.549,,,
2005-08-09,SE/CO,699,6.066,150.020,,,
2005-08-09,S,184,1.579,40.479,,,
2005-08-09,NE,161,1.398,34.994,,,
2005-08-09,N,77,675,16.176,,,
2005-08-09,SIN,1.120,9.717,241.669,,,
2005-08-10,SE/CO,692,6.758,150.712,,,
2005-08-10,S,182,1.760,40.661,,,
2005-08-10,NE,163,1.561,35.157,,,
2005-08-10,N,76,751,16.252,,,
2005-08-10,SIN,1.113,10.830,242.783,,,
2005-08-11,SE/CO,692,7.450,151.404,,,
2005-08-11,S,185,1.945,40.846,,,
2005-08-11,NE,164,1.724,35.321,,,
2005-08-11,N,75,827,16.328,,,
2005-08-11,SIN,1.116,11.946,243.898,,,
2005-08-12,SE/CO,696,8.146,152.102,,,
2005-08-12,S,183,2.128,41.038,,,
2005-08-12,NE,162,1.887,35.483,,,
2005-08-12,N,76,903,16.404,,,
2005-08-12,SIN,1.118,13.064,245.026,,,
2005-08-13,SE/CO,646,8.792,152.747,,,
2005-08-13,S,159,2.287,41.197,,,
2005-08-13,NE,154,2.041,35.637,,,
2005-08-13,N,72,975,16.476,,,
2005-08-13,SIN,1.031,14.095,246.058,,,
2005-08-14,SE/CO,574,9.366,153.321,,,
2005-08-14,S,131,2.418,41.328,,,
2005-08-14,NE,141,2.182,35.778,,,
2005-08-14,N,71,1.046,16.547,,,
2005-08-14,SIN,917,15.012,246.975,,,
2005-08-15,SE/CO,687,10.053,154.009,,,
2005-08-15,S,178,2.596,41.506,,,
2005-08-15,NE,157,2.339,35.935,,,
2005-08-15,N,74,1.120,16.621,,,
2005-08-15,SIN,1.096,16.108,248.072,,,
2005-08-16,SE/CO,717,10.770,154.726,,,
2005-08-16,S,186,2.782,41.692,,,
2005-08-16,NE,163,2.502,36.098,,,
2005-08-16,N,76,1.196,16.697,,,
2005-08-16,SIN,1.142,17.250,249.213,,,
2005-08-17,SE/CO,722,11.493,155.449,,,
2005-08-17,S,189,2.970,41.880,,,
2005-08-17,NE,163,2.665,36.261,,,
2005-08-17,N,76,1.272,16.773,,,
2005-08-17,SIN,1.150,18.400,250.364,,,
2005-08-18,SE/CO,717,12.213,156.169,,,
2005-08-18,S,187,3.156,42.067,,,
2005-08-18,NE,164,2.829,36.425,,,
2005-08-18,N,76,1.348,16.849,,,
2005-08-18,SIN,1.143,19.546,251.509,,,
2005-08-19,SE/CO,720,12.932,156.888,,,
2005-08-19,S,184,3.340,42.250,,,
2005-08-19,NE,163,2.992,36.588,,,
2005-08-19,N,77,1.425,16.926,,,
2005-08-19,SIN,1.143,20.689,252.653,,,
2005-08-20,SE/CO,658,13.591,157.547,,,
2005-08-20,S,162,3.502,42.412,,,
2005-08-20,NE,155,3.146,36.742,,,
2005-08-20,N,74,1.499,17.000,,,
2005-08-20,SIN,1.049,21.738,253.702,,,
2005-08-21,SE/CO,584,14.175,158.131,,,
2005-08-21,S,136,3.638,42.548,,,
2005-08-21,NE,142,3.288,36.884,,,
2005-08-21,N,71,1.570,17.071,,,
2005-08-21,SIN,933,22.671,254.634,,,
2005-08-22,SE/CO,694,14.870,158.826,,,
2005-08-22,S,181,3.819,42.729,,,
2005-08-22,NE,160,3.448,37.044,,,
2005-08-22,N,76,1.646,17.147,,,
2005-08-22,SIN,1.111,23.782,255.745,,,
2005-08-23,SE/CO,716,15.586,159.542,,,
2005-08-23,S,187,4.006,42.916,,,
2005-08-23,NE,162,3.610,37.206,,,
2005-08-23,N,78,1.724,17.225,,,
2005-08-23,SIN,1.144,24.926,256.889,,,
2005-08-24,SE/CO,725,16.312,160.268,,,
2005-08-24,S,185,4.191,43.101,,,
2005-08-24,NE,163,3.773,37.369,,,
2005-08-24,N,76,1.800,17.301,,,
2005-08-24,SIN,1.150,26.076,258.039,,,
2005-08-25,SE/CO,715,17.027,160.983,,,
2005-08-25,S,181,4.372,43.282,,,
2005-08-25,NE,163,3.935,37.531,,,
2005-08-25,N,77,1.878,17.379,,,
2005-08-25,SIN,1.135,27.211,259.174,,,
2005-08-26,SE/CO,707,17.734,161.689,,,
2005-08-26,S,183,4.554,43.464,,,
2005-08-26,NE,164,4.099,37.695,,,
2005-08-26,N,78,1.955,17.456,,,
2005-08-26,SIN,1.132,28.343,260.306,,,
2005-08-27,SE/CO,656,18.390,162.345,,,
2005-08-27,S,161,4.716,43.626,,,
2005-08-27,NE,155,4.254,37.851,,,
2005-08-27,N,74,2.030,17.531,,,
2005-08-27,SIN,1.047,29.390,261.353,,,
2005-08-28,SE/CO,593,18.983,162.938,,,
2005-08-28,S,138,4.853,43.763,,,
2005-08-28,NE,141,4.396,37.992,,,
2005-08-28,N,71,2.101,17.602,,,
2005-08-28,SIN,943,30.333,262.296,,,
2005-08-29,SE/CO,718,19.701,163.656,,,
2005-08-29,S,184,5.037,43.948,,,
2005-08-29,NE,162,4.558,38.154,,,
2005-08-29,N,77,2.178,17.679,,,
2005-08-29,SIN,1.142,31.474,263.438,,,
2005-08-30,SE/CO,752,20.453,164.408,,,
2005-08-30,S,190,5.228,44.139,,,
2005-08-30,NE,166,4.724,38.320,,,
2005-08-30,N,77,2.255,17.756,,,
2005-08-30,SIN,1.185,32.660,264.623,,,
2005-08-31,SE/CO,750,21.203,165.158,,,
2005-08-31,S,189,5.414,44.324,,,
2005-08-31,NE,166,4.889,38.485,,,
2005-08-31,N,77,2.332,17.833,,,
2005-08-31,SIN,1.182,33.838,265.802,,,
2005-09-01,SE/CO,734,734,165.892,,,
2005-09-01,S,189,189,44.513,,,
2005-09-01,NE,165,165,38.650,,,
2005-09-01,N,77,77,17.910,,,
2005-09-01,SIN,1.165,1.165,266.966,,,
2005-09-02,SE/CO,717,1.452,166.610,,,
2005-09-02,S,180,369,44.693,,,
2005-09-02,NE,166,331,38.817,,,
2005-09-02,N,77,154,17.987,,,
2005-09-02,SIN,1.141,2.305,268.107,,,
2005-09-03,SE/CO,650,2.101,167.260,,,
2005-09-03,S,158,526,44.850,,,
2005-09-03,NE,157,488,38.974,,,
2005-09-03,N,75,229,18.061,,,
2005-09-03,SIN,1.039,3.344,269.146,,,
2005-09-04,SE/CO,588,2.689,167.848,,,
2005-09-04,S,136,662,44.986,,,
2005-09-04,NE,144,632,39.117,,,
2005-09-04,N,72,300,18.133,,,
2005-09-04,SIN,939,4.284,270.086,,,
2005-09-05,SE/CO,704,3.393,168.551,,,
2005-09-05,S,178,840,45.172,,,
2005-09-05,NE,163,795,39.280,,,
2005-09-05,N,77,378,18.211,,,
2005-09-05,SIN,1.122,5.406,271.215,,,
2005-09-06,SE/CO,715,4.108,169.266,,,
2005-09-06,S,181,1.021,45.353,,,
2005-09-06,NE,167,962,39.447,,,
2005-09-06,N,77,455,18.288,,,
2005-09-06,SIN,1.140,6.546,272.355,,,
2005-09-07,SE/CO,616,4.725,169.883,,,
2005-09-07,S,147,1.168,45.500,,,
2005-09-07,NE,151,1.113,39.598,,,
2005-09-07,N,73,528,18.361,,,
2005-09-07,SIN,987,7.534,273.343,,,
2005-09-08,SE/CO,687,5.411,170.570,,,
2005-09-08,S,177,1.346,45.677,,,
2005-09-08,NE,165,1.278,39.763,,,
2005-09-08,N,76,605,18.437,,,
2005-09-08,SIN,1.106,8.639,274.448,,,
2005-09-09,SE/CO,705,6.116,171.275,,,
2005-09-09,S,183,1.529,45.860,,,
2005-09-09,NE,167,1.445,39.931,,,
2005-09-09,N,77,682,18.515,,,
2005-09-09,SIN,1.133,9.772,275.581,,,
2005-09-10,SE/CO,649,6.765,171.924,,,
2005-09-10,S,162,1.691,46.022,,,
2005-09-10,NE,157,1.603,40.088,,,
2005-09-10,N,75,757,18.590,,,
2005-09-10,SIN,1.044,10.816,276.625,,,
2005-09-11,SE/CO,601,7.366,172.524,,,
2005-09-11,S,136,1.827,46.159,,,
2005-09-11,NE,144,1.746,40.232,,,
2005-09-11,N,72,829,18.662,,,
2005-09-11,SIN,953,11.769,277.578,,,
2005-09-12,SE/CO,705,8.071,173.229,,,
2005-09-12,S,180,2.007,46.339,,,
2005-09-12,NE,165,1.911,40.396,,,
2005-09-12,N,77,906,18.739,,,
2005-09-12,SIN,1.127,12.895,278.704,,,
2005-09-13,SE/CO,706,8.778,173.936,,,
2005-09-13,S,186,2.194,46.525,,,
2005-09-13,NE,167,2.078,40.563,,,
2005-09-13,N,77,983,18.816,,,
2005-09-13,SIN,1.137,14.033,279.841,,,
2005-09-14,SE/CO,706,9.483,174.642,,,
2005-09-14,S,188,2.382,46.713,,,
2005-09-14,NE,168,2.245,40.731,,,
2005-09-14,N,77,1.061,18.894,,,
2005-09-14,SIN,1.139,15.171,280.980,,,
2005-09-15,SE/CO,707,10.191,175.349,,,
2005-09-15,S,188,2.569,46.901,,,
2005-09-15,NE,165,2.411,40.896,,,
2005-09-15,N,77,1.138,18.971,,,
2005-09-15,SIN,1.137,16.308,282.117,,,
2005-09-16,SE/CO,720,10.910,176.069,,,
2005-09-16,S,187,2.756,47.087,,,
2005-09-16,NE,165,2.576,41.061,,,
2005-09-16,N,77,1.215,19.048,,,
2005-09-16,SIN,1.149,17.457,283.266,,,
2005-09-17,SE/CO,654,11.564,176.723,,,
2005-09-17,S,163,2.919,47.251,,,
2005-09-17,NE,158,2.734,41.220,,,
2005-09-17,N,75,1.290,19.123,,,
2005-09-17,SIN,1.051,18.508,284.317,,,
2005-09-18,SE/CO,580,12.144,177.303,,,
2005-09-18,S,136,3.056,47.387,,,
2005-09-18,NE,145,2.879,41.365,,,
2005-09-18,N,73,1.363,19.196,,,
2005-09-18,SIN,934,19.442,285.251,,,
2005-09-19,SE/CO,694,12.838,177.997,,,
2005-09-19,S,174,3.230,47.561,,,
2005-09-19,NE,166,3.045,41.530,,,
2005-09-19,N,78,1.441,19.274,,,
2005-09-19,SIN,1.112,20.554,286.363,,,
2005-09-20,SE/CO,711,13.549,178.707,,,
2005-09-20,S,174,3.404,47.735,,,
2005-09-20,NE,170,3.215,41.700,,,
2005-09-20,N,77,1.518,19.351,,,
2005-09-20,SIN,1.131,21.686,287.495,,,
2005-09-21,SE/CO,708,14.257,179.415,,,
2005-09-21,S,186,3.590,47.921,,,
2005-09-21,NE,171,3.386,41.871,,,
2005-09-21,N,78,1.596,19.429,,,
2005-09-21,SIN,1.142,22.828,288.637,,,
2005-09-22,SE/CO,707,14.964,180.122,,,
2005-09-22,S,189,3.779,48.110,,,
2005-09-22,NE,171,3.556,42.042,,,
2005-09-22,N,78,1.674,19.507,,,
2005-09-22,SIN,1.145,23.973,289.782,,,
2005-09-23,SE/CO,709,15.673,180.832,,,
2005-09-23,S,186,3.965,48.297,,,
2005-09-23,NE,170,3.726,42.212,,,
2005-09-23,N,78,1.752,19.584,,,
2005-09-23,SIN,1.143,25.117,290.926,,,
2005-09-24,SE/CO,657,16.330,181.489,,,
2005-09-24,S,165,4.130,48.461,,,
2005-09-24,NE,162,3.889,42.374,,,
2005-09-24,N,75,1.827,19.659,,,
2005-09-24,SIN,1.059,26.176,291.985,,,
2005-09-25,SE/CO,588,16.918,182.076,,,
2005-09-25,S,136,4.266,48.598,,,
2005-09-25,NE,147,4.036,42.522,,,
2005-09-25,N,72,1.899,19.732,,,
2005-09-25,SIN,944,27.119,292.928,,,
2005-09-26,SE/CO,679,17.597,182.756,,,
2005-09-26,S,176,4.442,48.773,,,
2005-09-26,NE,169,4.205,42.691,,,
2005-09-26,N,74,1.973,19.805,,,
2005-09-26,SIN,1.098,28.217,294.026,,,
2005-09-27,SE/CO,680,18.277,183.436,,,
2005-09-27,S,183,4.625,48.956,,,
2005-09-27,NE,173,4.379,42.864,,,
2005-09-27,N,77,2.049,19.882,,,
2005-09-27,SIN,1.113,29.330,295.139,,,
2005-09-28,SE/CO,678,18.955,184.114,,,
2005-09-28,S,185,4.810,49.141,,,
2005-09-28,NE,172,4.550,43.036,,,
2005-09-28,N,77,2.127,19.960,,,
2005-09-28,SIN,1.112,30.442,296.251,,,
2005-09-29,SE/CO,684,19.639,184.798,,,
2005-09-29,S,186,4.995,49.327,,,
2005-09-29,NE,172,4.722,43.208,,,
2005-09-29,N,78,2.205,20.037,,,
2005-09-29,SIN,1.119,31.561,297.370,,,
2005-09-30,SE/CO,692,20.333,185.492,,,
2005-09-30,S,188,5.184,49.515,,,
2005-09-30,NE,172,4.894,43.380,,,
2005-09-30,N,78,2.282,20.115,,,
2005-09-30,SIN,1.130,32.693,298.502,,,
2005-10-01,SE/CO,645,645,186.135,,,
2005-10-01,S,163,163,49.678,,,
2005-10-01,NE,162,162,43.542,,,
2005-10-01,N,75,75,20.190,,,
2005-10-01,SIN,1.045,1.045,299.546,,,
2005-10-02,SE/CO,578,1.223,186.714,,,
2005-10-02,S,139,302,49.818,,,
2005-10-02,NE,148,310,43.690,,,
2005-10-02,N,73,148,20.263,,,
2005-10-02,SIN,939,1.984,300.485,,,
2005-10-03,SE/CO,689,1.912,187.402,,,
2005-10-03,S,185,487,50.003,,,
2005-10-03,NE,169,480,43.859,,,
2005-10-03,N,77,226,20.341,,,
2005-10-03,SIN,1.120,3.105,301.605,,,
2005-10-04,SE/CO,723,2.635,188.125,,,
2005-10-04,S,193,680,50.195,,,
2005-10-04,NE,170,650,44.030,,,
2005-10-04,N,77,302,20.417,,,
2005-10-04,SIN,1.163,4.268,302.768,,,
2005-10-05,SE/CO,732,3.367,188.857,,,
2005-10-05,S,189,870,50.385,,,
2005-10-05,NE,172,822,44.201,,,
2005-10-05,N,77,379,20.494,,,
2005-10-05,SIN,1.169,5.437,303.937,,,
2005-10-06,SE/CO,727,4.094,189.584,,,
2005-10-06,S,186,1.055,50.571,,,
2005-10-06,NE,173,995,44.374,,,
2005-10-06,N,78,457,20.572,,,
2005-10-06,SIN,1.164,6.601,305.101,,,
2005-10-07,SE/CO,730,4.824,190.315,,,
2005-10-07,S,188,1.244,50.759,,,
2005-10-07,NE,174,1.168,44.548,,,
2005-10-07,N,77,533,20.648,,,
2005-10-07,SIN,1.168,7.769,306.270,,,
2005-10-08,SE/CO,678,5.502,190.993,,,
2005-10-08,S,165,1.408,50.924,,,
2005-10-08,NE,163,1.332,44.711,,,
2005-10-08,N,75,608,20.723,,,
2005-10-08,SIN,1.081,8.850,307.351,,,
2005-10-09,SE/CO,601,6.103,191.594,,,
2005-10-09,S,138,1.547,51.062,,,
2005-10-09,NE,149,1.480,44.860,,,
2005-10-09,N,72,680,20.795,,,
2005-10-09,SIN,960,9.810,308.311,,,
2005-10-10,SE/CO,707,6.811,192.301,,,
2005-10-10,S,185,1.732,51.248,,,
2005-10-10,NE,169,1.649,45.028,,,
2005-10-10,N,77,757,20.872,,,
2005-10-10,SIN,1.138,10.949,309.449,,,
2005-10-11,SE/CO,738,7.549,193.039,,,
2005-10-11,S,189,1.921,51.436,,,
2005-10-11,NE,169,1.818,45.197,,,
2005-10-11,N,74,831,20.946,,,
2005-10-11,SIN,1.170,12.119,310.619,,,
2005-10-12,SE/CO,644,8.192,193.682,,,
2005-10-12,S,157,2.077,51.593,,,
2005-10-12,NE,151,1.969,45.349,,,
2005-10-12,N,73,904,21.019,,,
2005-10-12,SIN,1.024,13.142,311.643,,,
2005-10-13,SE/CO,746,8.939,194.429,,,
2005-10-13,S,195,2.272,51.787,,,
2005-10-13,NE,168,2.137,45.517,,,
2005-10-13,N,77,981,21.096,,,
2005-10-13,SIN,1.187,14.329,312.829,,,
2005-10-14,SE/CO,764,9.702,195.193,,,
2005-10-14,S,195,2.467,51.982,,,
2005-10-14,NE,170,2.308,45.687,,,
2005-10-14,N,77,1.059,21.174,,,
2005-10-14,SIN,1.206,15.535,314.036,,,
2005-10-15,SE/CO,679,10.382,195.872,,,
2005-10-15,S,163,2.630,52.146,,,
2005-10-15,NE,161,2.468,45.848,,,
2005-10-15,N,75,1.134,21.249,,,
2005-10-15,SIN,1.078,16.614,315.114,,,
2005-10-16,SE/CO,581,10.963,196.453,,,
2005-10-16,S,133,2.763,52.279,,,
2005-10-16,NE,139,2.607,45.987,,,
2005-10-16,N,70,1.204,21.319,,,
2005-10-16,SIN,922,17.537,316.038,,,
2005-10-17,SE/CO,731,11.721,197.211,,,
2005-10-17,S,183,2.952,52.468,,,
2005-10-17,NE,164,2.777,46.156,,,
2005-10-17,N,78,1.284,21.399,,,
2005-10-17,SIN,1.155,18.734,317.234,,,
2005-10-18,SE/CO,743,12.464,197.954,,,
2005-10-18,S,187,3.139,52.654,,,
2005-10-18,NE,172,2.948,46.328,,,
2005-10-18,N,77,1.362,21.477,,,
2005-10-18,SIN,1.179,19.913,318.413,,,
2005-10-19,SE/CO,722,13.186,198.676,,,
2005-10-19,S,186,3.325,52.841,,,
2005-10-19,NE,171,3.120,46.499,,,
2005-10-19,N,78,1.439,21.554,,,
2005-10-19,SIN,1.157,21.070,319.570,,,
2005-10-20,SE/CO,722,13.908,199.402,,,
2005-10-20,S,188,3.513,53.028,,,
2005-10-20,NE,172,3.292,46.671,,,
2005-10-20,N,77,1.516,21.631,,,
2005-10-20,SIN,1.159,22.229,320.733,,,
2005-10-21,SE/CO,737,14.645,200.139,,,
2005-10-21,S,190,3.703,53.218,,,
2005-10-21,NE,173,3.465,46.845,,,
2005-10-21,N,76,1.592,21.707,,,
2005-10-21,SIN,1.177,23.405,321.909,,,
2005-10-22,SE/CO,681,15.326,200.820,,,
2005-10-22,S,169,3.873,53.388,,,
2005-10-22,NE,164,3.629,47.009,,,
2005-10-22,N,75,1.667,21.782,,,
2005-10-22,SIN,1.090,24.495,322.999,,,
2005-10-23,SE/CO,597,15.923,201.417,,,
2005-10-23,S,137,4.010,53.525,,,
2005-10-23,NE,148,3.778,47.157,,,
2005-10-23,N,74,1.741,21.856,,,
2005-10-23,SIN,956,25.451,323.955,,,
2005-10-24,SE/CO,713,16.637,202.131,,,
2005-10-24,S,185,4.194,53.710,,,
2005-10-24,NE,170,3.947,47.327,,,
2005-10-24,N,76,1.817,21.932,,,
2005-10-24,SIN,1.144,26.595,325.099,,,
2005-10-25,SE/CO,746,17.383,202.877,,,
2005-10-25,S,193,4.388,53.903,,,
2005-10-25,NE,175,4.122,47.501,,,
2005-10-25,N,78,1.895,22.010,,,
2005-10-25,SIN,1.192,27.787,326.291,,,
2005-10-26,SE/CO,756,18.139,203.633,,,
2005-10-26,S,190,4.578,54.093,,,
2005-10-26,NE,174,4.296,47.675,,,
2005-10-26,N,78,1.973,22.088,,,
2005-10-26,SIN,1.198,28.985,327.489,,,
2005-10-27,SE/CO,756,18.895,204.389,,,
2005-10-27,S,190,4.768,54.283,,,
2005-10-27,NE,175,4.471,47.850,,,
2005-10-27,N,78,2.051,22.166,,,
2005-10-27,SIN,1.199,30.185,328.688,,,
2005-10-28,SE/CO,756,19.651,205.145,,,
2005-10-28,S,194,4.962,54.477,,,
2005-10-28,NE,172,4.643,48.022,,,
2005-10-28,N,78,2.129,22.244,,,
2005-10-28,SIN,1.200,31.384,329.888,,,
2005-10-29,SE/CO,681,20.332,205.826,,,
2005-10-29,S,161,5.122,54.638,,,
2005-10-29,NE,165,4.807,48.187,,,
2005-10-29,N,76,2.205,22.320,,,
2005-10-29,SIN,1.082,32.466,330.970,,,
2005-10-30,SE/CO,585,20.917,206.411,,,
2005-10-30,S,133,5.255,54.771,,,
2005-10-30,NE,151,4.959,48.338,,,
2005-10-30,N,72,2.277,22.392,,,
2005-10-30,SIN,942,33.408,331.912,,,
2005-10-31,SE/CO,678,21.595,207.089,,,
2005-10-31,S,173,5.428,54.943,,,
2005-10-31,NE,170,5.129,48.508,,,
2005-10-31,N,78,2.355,22.470,,,
2005-10-31,SIN,1.098,34.506,333.010,,,
2005-11-01,SE/CO,688,688,207.777,,,
2005-11-01,S,183,183,55.126,,,
2005-11-01,NE,171,171,48.679,,,
2005-11-01,N,77,77,22.547,,,
2005-11-01,SIN,1.118,1.118,334.128,,,
2005-11-02,SE/CO,599,1.286,208.375,,,
2005-11-02,S,143,325,55.269,,,
2005-11-02,NE,154,325,48.834,,,
2005-11-02,N,74,150,22.620,,,
2005-11-02,SIN,969,2.087,335.098,,,
2005-11-03,SE/CO,684,1.971,209.060,,,
2005-11-03,S,187,512,55.455,,,
2005-11-03,NE,172,497,49.005,,,
2005-11-03,N,78,229,22.699,,,
2005-11-03,SIN,1.121,3.208,336.219,,,
2005-11-04,SE/CO,698,2.669,209.758,,,
2005-11-04,S,193,705,55.649,,,
2005-11-04,NE,173,670,49.179,,,
2005-11-04,N,78,307,22.777,,,
2005-11-04,SIN,1.143,4.352,337.362,,,
2005-11-05,SE/CO,640,3.309,210.398,,,
2005-11-05,S,170,875,55.819,,,
2005-11-05,NE,163,834,49.342,,,
2005-11-05,N,75,382,22.852,,,
2005-11-05,SIN,1.049,5.401,338.411,,,
2005-11-06,SE/CO,584,3.893,210.982,,,
2005-11-06,S,141,1.017,55.960,,,
2005-11-06,NE,149,983,49.491,,,
2005-11-06,N,73,455,22.925,,,
2005-11-06,SIN,946,6.347,339.357,,,
2005-11-07,SE/CO,702,4.598,211.687,,,
2005-11-07,S,183,1.199,56.143,,,
2005-11-07,NE,170,1.153,49.661,,,
2005-11-07,N,77,532,23.002,,,
2005-11-07,SIN,1.132,7.482,340.492,,,
2005-11-08,SE/CO,710,5.308,212.397,,,
2005-11-08,S,188,1.388,56.331,,,
2005-11-08,NE,174,1.327,49.835,,,
2005-11-08,N,78,609,23.079,,,
2005-11-08,SIN,1.150,8.632,341.643,,,
2005-11-09,SE/CO,703,6.011,213.100,,,
2005-11-09,S,188,1.576,56.519,,,
2005-11-09,NE,176,1.503,50.011,,,
2005-11-09,N,77,687,23.157,,,
2005-11-09,SIN,1.144,9.777,342.787,,,
2005-11-10,SE/CO,694,6.705,213.794,,,
2005-11-10,S,189,1.764,56.708,,,
2005-11-10,NE,176,1.679,50.187,,,
2005-11-10,N,77,764,23.234,,,
2005-11-10,SIN,1.135,10.912,343.922,,,
2005-11-11,SE/CO,687,7.392,214.481,,,
2005-11-11,S,189,1.954,56.897,,,
2005-11-11,NE,173,1.852,50.360,,,
2005-11-11,N,77,841,23.311,,,
2005-11-11,SIN,1.127,12.039,345.050,,,
2005-11-12,SE/CO,635,8.027,215.117,,,
2005-11-12,S,167,2.121,57.065,,,
2005-11-12,NE,164,2.016,50.524,,,
2005-11-12,N,74,916,23.385,,,
2005-11-12,SIN,1.041,13.080,346.091,,,
2005-11-13,SE/CO,568,8.596,215.685,,,
2005-11-13,S,143,2.264,57.207,,,
2005-11-13,NE,149,2.165,50.673,,,
2005-11-13,N,74,989,23.459,,,
2005-11-13,SIN,934,14.014,347.024,,,
2005-11-14,SE/CO,654,9.250,216.339,,,
2005-11-14,S,181,2.445,57.388,,,
2005-11-14,NE,159,2.323,50.832,,,
2005-11-14,N,78,1.067,23.537,,,
2005-11-14,SIN,1.072,15.086,348.096,,,
2005-11-15,SE/CO,620,9.870,216.959,,,
2005-11-15,S,166,2.611,57.554,,,
2005-11-15,NE,153,2.477,50.985,,,
2005-11-15,N,74,1.142,23.611,,,
2005-11-15,SIN,1.013,16.099,349.109,,,
2005-11-16,SE/CO,720,10.590,217.679,,,
2005-11-16,S,202,2.813,57.757,,,
2005-11-16,NE,169,2.646,51.154,,,
2005-11-16,N,77,1.219,23.689,,,
2005-11-16,SIN,1.169,17.268,350.278,,,
2005-11-17,SE/CO,740,11.330,218.419,,,
2005-11-17,S,199,3.013,57.956,,,
2005-11-17,NE,172,2.818,51.326,,,
2005-11-17,N,78,1.297,23.767,,,
2005-11-17,SIN,1.189,18.457,351.468,,,
2005-11-18,SE/CO,737,12.067,219.156,,,
2005-11-18,S,200,3.212,58.156,,,
2005-11-18,NE,173,2.991,51.499,,,
2005-11-18,N,79,1.376,23.845,,,
2005-11-18,SIN,1.188,19.646,352.656,,,
2005-11-19,SE/CO,676,12.743,219.832,,,
2005-11-19,S,177,3.389,58.332,,,
2005-11-19,NE,165,3.156,51.665,,,
2005-11-19,N,76,1.452,23.922,,,
2005-11-19,SIN,1.094,20.740,353.750,,,
2005-11-20,SE/CO,595,13.338,220.427,,,
2005-11-20,S,146,3.535,58.479,,,
2005-11-20,NE,152,3.309,51.817,,,
2005-11-20,N,74,1.526,23.996,,,
2005-11-20,SIN,967,21.708,354.718,,,
2005-11-21,SE/CO,694,14.032,221.121,,,
2005-11-21,S,195,3.730,58.674,,,
2005-11-21,NE,173,3.481,51.990,,,
2005-11-21,N,78,1.604,24.074,,,
2005-11-21,SIN,1.140,22.848,355.858,,,
2005-11-22,SE/CO,719,14.751,221.840,,,
2005-11-22,S,206,3.936,58.879,,,
2005-11-22,NE,178,3.659,52.168,,,
2005-11-22,N,79,1.683,24.153,,,
2005-11-22,SIN,1.182,24.030,357.040,,,
2005-11-23,SE/CO,735,15.486,222.575,,,
2005-11-23,S,211,4.147,59.115,,,
2005-11-23,NE,179,3.838,52.346,,,
2005-11-23,N,79,1.763,24.233,,,
2005-11-23,SIN,1.204,25.234,358.270,,,
2005-11-24,SE/CO,747,16.233,223.323,,,
2005-11-24,S,205,4.352,59.320,,,
2005-11-24,NE,179,4.017,52.525,,,
2005-11-24,N,79,1.842,24.312,,,
2005-11-24,SIN,1.210,26.444,359.480,,,
2005-11-25,SE/CO,745,16.979,224.068,,,
2005-11-25,S,197,4.549,59.517,,,
2005-11-25,NE,175,4.192,52.700,,,
2005-11-25,N,79,1.920,24.390,,,
2005-11-25,SIN,1.196,27.640,360.676,,,
2005-11-26,SE/CO,658,17.636,224.726,,,
2005-11-26,S,171,4.720,59.689,,,
2005-11-26,NE,164,4.356,52.864,,,
2005-11-26,N,77,1.997,24.467,,,
2005-11-26,SIN,1.069,28.710,361.745,,,
2005-11-27,SE/CO,569,18.205,225.295,,,
2005-11-27,S,145,4.866,59.834,,,
2005-11-27,NE,152,4.508,53.017,,,
2005-11-27,N,74,2.071,24.541,,,
2005-11-27,SIN,941,29.651,362.686,,,
2005-11-28,SE/CO,682,18.888,225.977,,,
2005-11-28,S,195,5.061,60.029,,,
2005-11-28,NE,168,4.676,53.184,,,
2005-11-28,N,78,2.150,24.620,,,
2005-11-28,SIN,1.124,30.774,363.810,,,
2005-11-29,SE/CO,726,19.614,226.704,,,
2005-11-29,S,209,5.269,60.238,,,
2005-11-29,NE,171,4.847,53.355,,,
2005-11-29,N,79,2.229,24.699,,,
2005-11-29,SIN,1.185,31.959,364.995,,,
2005-11-30,SE/CO,735,20.349,227.438,,,
2005-11-30,S,215,5.484,60.452,,,
2005-11-30,NE,170,5.017,53.525,,,
2005-11-30,N,80,2.309,24.779,,,
2005-11-30,SIN,1.199,33.159,366.194,,,
2005-12-01,SE/CO,742,742,228.201,,,
2005-12-01,S,207,207,60.658,,,
2005-12-01,NE,172,172,53.697,,,
2005-12-01,N,81,81,24.860,,,
2005-12-01,SIN,1.202,1.202,367.416,,,
2005-12-02,SE/CO,735,1.476,228.935,,,
2005-12-02,S,199,406,60.857,,,
2005-12-02,NE,173,346,53.871,,,
2005-12-02,N,80,161,24.940,,,
2005-12-02,SIN,1.187,2.389,368.603,,,
2005-12-03,SE/CO,641,2.118,229.577,,,
2005-12-03,S,174,580,61.031,,,
2005-12-03,NE,166,511,54.037,,,
2005-12-03,N,77,238,25.017,,,
2005-12-03,SIN,1.058,3.447,369.661,,,
2005-12-04,SE/CO,573,2.691,230.150,,,
2005-12-04,S,150,729,61.181,,,
2005-12-04,NE,151,662,54.187,,,
2005-12-04,N,74,312,25.091,,,
2005-12-04,SIN,948,4.395,370.609,,,
2005-12-05,SE/CO,704,3.395,230.854,,,
2005-12-05,S,198,927,61.378,,,
2005-12-05,NE,166,829,54.354,,,
2005-12-05,N,78,390,25.169,,,
2005-12-05,SIN,1.146,5.541,371.755,,,
2005-12-06,SE/CO,735,4.130,231.589,,,
2005-12-06,S,198,1.125,61.577,,,
2005-12-06,NE,166,995,54.520,,,
2005-12-06,N,78,468,25.247,,,
2005-12-06,SIN,1.178,6.718,372.932,,,
2005-12-07,SE/CO,713,4.843,232.302,,,
2005-12-07,S,195,1.320,61.771,,,
2005-12-07,NE,169,1.164,54.689,,,
2005-12-07,N,78,546,25.325,,,
2005-12-07,SIN,1.154,7.873,374.087,,,
2005-12-08,SE/CO,692,5.535,232.994,,,
2005-12-08,S,197,1.517,61.968,,,
2005-12-08,NE,164,1.327,54.852,,,
2005-12-08,N,76,622,25.401,,,
2005-12-08,SIN,1.128,9.001,375.215,,,
2005-12-09,SE/CO,713,6.248,233.707,,,
2005-12-09,S,207,1.724,62.175,,,
2005-12-09,NE,168,1.495,55.020,,,
2005-12-09,N,79,701,25.480,,,
2005-12-09,SIN,1.166,10.167,376.381,,,
2005-12-10,SE/CO,675,6.923,234.382,,,
2005-12-10,S,181,1.905,62.356,,,
2005-12-10,NE,162,1.657,55.182,,,
2005-12-10,N,75,776,25.555,,,
2005-12-10,SIN,1.093,11.260,377.474,,,
2005-12-11,SE/CO,595,7.518,234.977,,,
2005-12-11,S,149,2.053,62.504,,,
2005-12-11,NE,150,1.807,55.332,,,
2005-12-11,N,74,849,25.628,,,
2005-12-11,SIN,968,12.228,378.442,,,
2005-12-12,SE/CO,694,8.213,235.672,,,
2005-12-12,S,193,2.246,62.698,,,
2005-12-12,NE,168,1.975,55.500,,,
2005-12-12,N,79,928,25.707,,,
2005-12-12,SIN,1.134,13.362,379.576,,,
2005-12-13,SE/CO,707,8.920,236.379,,,
2005-12-13,S,203,2.449,62.901,,,
2005-12-13,NE,171,2.146,55.671,,,
2005-12-13,N,80,1.008,25.786,,,
2005-12-13,SIN,1.161,14.523,380.737,,,
2005-12-14,SE/CO,713,9.632,237.091,,,
2005-12-14,S,205,2.654,63.106,,,
2005-12-14,NE,173,2.319,55.844,,,
2005-12-14,N,80,1.088,25.866,,,
2005-12-14,SIN,1.170,15.693,381.907,,,
2005-12-15,SE/CO,709,10.342,237.801,,,
2005-12-15,S,208,2.862,63.314,,,
2005-12-15,NE,173,2.491,56.016,,,
2005-12-15,N,78,1.166,25.945,,,
2005-12-15,SIN,1.168,16.861,383.075,,,
2005-12-16,SE/CO,714,11.056,238.515,,,
2005-12-16,S,210,3.072,63.524,,,
2005-12-16,NE,174,2.665,56.190,,,
2005-12-16,N,78,1.244,26.023,,,
2005-12-16,SIN,1.176,18.037,384.251,,,
2005-12-17,SE/CO,657,11.713,239.172,,,
2005-12-17,S,180,3.253,63.704,,,
2005-12-17,NE,165,2.830,56.355,,,
2005-12-17,N,76,1.320,26.099,,,
2005-12-17,SIN,1.079,19.115,385.329,,,
2005-12-18,SE/CO,602,12.314,239.773,,,
2005-12-18,S,155,3.407,63.859,,,
2005-12-18,NE,153,2.983,56.508,,,
2005-12-18,N,74,1.394,26.173,,,
2005-12-18,SIN,984,20.099,386.313,,,
2005-12-19,SE/CO,700,13.014,240.473,,,
2005-12-19,S,201,3.608,64.059,,,
2005-12-19,NE,172,3.155,56.680,,,
2005-12-19,N,80,1.474,26.253,,,
2005-12-19,SIN,1.152,21.251,387.465,,,
2005-12-20,SE/CO,724,13.738,241.197,,,
2005-12-20,S,203,3.811,64.262,,,
2005-12-20,NE,173,3.328,56.853,,,
2005-12-20,N,77,1.551,26.330,,,
2005-12-20,SIN,1.177,22.428,388.642,,,
2005-12-21,SE/CO,722,14.460,241.919,,,
2005-12-21,S,201,4.012,64.464,,,
2005-12-21,NE,174,3.502,57.027,,,
2005-12-21,N,78,1.630,26.409,,,
2005-12-21,SIN,1.176,23.604,389.818,,,
2005-12-22,SE/CO,721,15.181,242.640,,,
2005-12-22,S,204,4.216,64.667,,,
2005-12-22,NE,173,3.674,57.199,,,
2005-12-22,N,79,1.709,26.487,,,
2005-12-22,SIN,1.176,24.780,390.994,,,
2005-12-23,SE/CO,707,15.889,243.348,,,
2005-12-23,S,195,4.411,64.863,,,
2005-12-23,NE,169,3.844,57.369,,,
2005-12-23,N,78,1.787,26.565,,,
2005-12-23,SIN,1.150,25.930,392.144,,,
2005-12-24,SE/CO,628,16.517,243.976,,,
2005-12-24,S,159,4.570,65.022,,,
2005-12-24,NE,158,4.002,57.527,,,
2005-12-24,N,76,1.862,26.641,,,
2005-12-24,SIN,1.021,26.951,393.165,,,
2005-12-25,SE/CO,540,17.057,244.516,,,
2005-12-25,S,131,4.701,65.153,,,
2005-12-25,NE,141,4.143,57.668,,,
2005-12-25,N,74,1.936,26.715,,,
2005-12-25,SIN,886,27.837,394.051,,,
2005-12-26,SE/CO,640,17.697,245.156,,,
2005-12-26,S,165,4.867,65.318,,,
2005-12-26,NE,165,4.307,57.832,,,
2005-12-26,N,77,2.013,26.792,,,
2005-12-26,SIN,1.047,28.884,395.098,,,
2005-12-27,SE/CO,668,18.365,245.824,,,
2005-12-27,S,180,5.046,65.498,,,
2005-12-27,NE,169,4.476,58.001,,,
2005-12-27,N,78,2.091,26.870,,,
2005-12-27,SIN,1.095,29.979,396.193,,,
2005-12-28,SE/CO,668,19.034,246.469,,,
2005-12-28,S,183,5.229,65.681,,,
2005-12-28,NE,165,4.642,58.167,,,
2005-12-28,N,75,2.167,26.945,,,
2005-12-28,SIN,1.092,31.071,397.263,,,
2005-12-29,SE/CO,667,19.709,247.144,,,
2005-12-29,S,182,5.413,65.865,,,
2005-12-29,NE,165,4.807,58.332,,,
2005-12-29,N,75,2.242,27.021,,,
2005-12-29,SIN,1.090,32.171,398.362,,,
2005-12-30,SE/CO,652,20.361,247.797,,,
2005-12-30,S,178,5.592,66.044,,,
2005-12-30,NE,162,4.969,58.494,,,
2005-12-30,N,76,2.318,27.096,,,
2005-12-30,SIN,1.068,33.240,399.431,,,
2005-12-31,SE/CO,592,20.954,248.389,,,
2005-12-31,S,155,5.747,66.199,,,
2005-12-31,NE,153,5.122,58.647,,,
2005-12-31,N,75,2.392,27.171,,,
2005-12-31,SIN,975,34.215,400.406,,,
2006-01-01,SE/CO,531,531,531,,,
2006-01-01,S,132,132,132,,,
2006-01-01,NE,136,136,136,,,
2006-01-01,N,72,72,72,,,
2006-01-01,SIN,871,871,871,,,
2006-01-02,SE/CO,648,1.180,1.180,,,
2006-01-02,S,172,304,304,,,
2006-01-02,NE,159,295,295,,,
2006-01-02,N,76,148,148,,,
2006-01-02,SIN,1.054,1.927,1.927,,,
2006-01-03,SE/CO,692,1.871,1.871,,,
2006-01-03,S,188,492,492,,,
2006-01-03,NE,168,463,463,,,
2006-01-03,N,78,226,226,,,
2006-01-03,SIN,1.125,3.052,3.052,,,
2006-01-04,SE/CO,700,2.571,2.571,,,
2006-01-04,S,193,685,685,,,
2006-01-04,NE,169,631,631,,,
2006-01-04,N,78,304,304,,,
2006-01-04,SIN,1.139,4.192,4.192,,,
2006-01-05,SE/CO,689,3.260,3.260,,,
2006-01-05,S,196,882,882,,,
2006-01-05,NE,168,799,799,,,
2006-01-05,N,77,381,381,,,
2006-01-05,SIN,1.131,5.322,5.322,,,
2006-01-06,SE/CO,693,3.953,3.953,,,
2006-01-06,S,199,1.081,1.081,,,
2006-01-06,NE,168,967,967,,,
2006-01-06,N,76,458,458,,,
2006-01-06,SIN,1.136,6.459,6.459,,,
2006-01-07,SE/CO,641,4.595,4.595,,,
2006-01-07,S,184,1.264,1.264,,,
2006-01-07,NE,162,1.129,1.129,,,
2006-01-07,N,75,533,533,,,
2006-01-07,SIN,1.062,7.521,7.521,,,
2006-01-08,SE/CO,588,5.183,5.183,,,
2006-01-08,S,163,1.427,1.427,,,
2006-01-08,NE,149,1.278,1.278,,,
2006-01-08,N,73,606,606,,,
2006-01-08,SIN,973,8.494,8.494,,,
2006-01-09,SE/CO,709,5.891,5.891,,,
2006-01-09,S,209,1.636,1.636,,,
2006-01-09,NE,168,1.446,1.446,,,
2006-01-09,N,76,682,682,,,
2006-01-09,SIN,1.162,9.656,9.656,,,
2006-01-10,SE/CO,733,6.625,6.625,,,
2006-01-10,S,218,1.854,1.854,,,
2006-01-10,NE,169,1.615,1.615,,,
2006-01-10,N,76,758,758,,,
2006-01-10,SIN,1.197,10.853,10.853,,,
2006-01-11,SE/CO,742,7.367,7.367,,,
2006-01-11,S,220,2.074,2.074,,,
2006-01-11,NE,171,1.786,1.786,,,
2006-01-11,N,78,836,836,,,
2006-01-11,SIN,1.211,12.063,12.063,,,
2006-01-12,SE/CO,742,8.109,8.109,,,
2006-01-12,S,220,2.294,2.294,,,
2006-01-12,NE,172,1.958,1.958,,,
2006-01-12,N,78,914,914,,,
2006-01-12,SIN,1.211,13.275,13.275,,,
2006-01-13,SE/CO,745,8.854,8.854,,,
2006-01-13,S,218,2.511,2.511,,,
2006-01-13,NE,173,2.131,2.131,,,
2006-01-13,N,79,993,993,,,
2006-01-13,SIN,1.215,14.489,14.489,,,
2006-01-14,SE/CO,685,9.539,9.539,,,
2006-01-14,S,190,2.701,2.701,,,
2006-01-14,NE,163,2.294,2.294,,,
2006-01-14,N,76,1.069,1.069,,,
2006-01-14,SIN,1.115,15.604,15.604,,,
2006-01-15,SE/CO,617,10.156,10.156,,,
2006-01-15,S,167,2.868,2.868,,,
2006-01-15,NE,149,2.443,2.443,,,
2006-01-15,N,74,1.144,1.144,,,
2006-01-15,SIN,1.006,16.610,16.610,,,
2006-01-16,SE/CO,743,10.898,10.898,,,
2006-01-16,S,215,3.083,3.083,,,
2006-01-16,NE,168,2.611,2.611,,,
2006-01-16,N,79,1.223,1.223,,,
2006-01-16,SIN,1.205,17.815,17.815,,,
2006-01-17,SE/CO,762,11.660,11.660,,,
2006-01-17,S,214,3.297,3.297,,,
2006-01-17,NE,173,2.783,2.783,,,
2006-01-17,N,79,1.302,1.302,,,
2006-01-17,SIN,1.227,19.042,19.042,,,
2006-01-18,SE/CO,763,12.423,12.423,,,
2006-01-18,S,204,3.501,3.501,,,
2006-01-18,NE,174,2.957,2.957,,,
2006-01-18,N,79,1.381,1.381,,,
2006-01-18,SIN,1.220,20.262,20.262,,,
2006-01-19,SE/CO,759,13.182,13.182,,,
2006-01-19,S,206,3.707,3.707,,,
2006-01-19,NE,172,3.129,3.129,,,
2006-01-19,N,79,1.460,1.460,,,
2006-01-19,SIN,1.216,21.479,21.479,,,
2006-01-20,SE/CO,751,13.933,13.933,,,
2006-01-20,S,208,3.916,3.916,,,
2006-01-20,NE,171,3.300,3.300,,,
2006-01-20,N,79,1.539,1.539,,,
2006-01-20,SIN,1.208,22.687,22.687,,,
2006-01-21,SE/CO,697,14.631,14.631,,,
2006-01-21,S,184,4.099,4.099,,,
2006-01-21,NE,163,3.463,3.463,,,
2006-01-21,N,76,1.615,1.615,,,
2006-01-21,SIN,1.121,23.807,23.807,,,
2006-01-22,SE/CO,634,15.265,15.265,,,
2006-01-22,S,155,4.254,4.254,,,
2006-01-22,NE,149,3.612,3.612,,,
2006-01-22,N,75,1.690,1.690,,,
2006-01-22,SIN,1.013,24.821,24.821,,,
2006-01-23,SE/CO,765,16.032,16.032,,,
2006-01-23,S,198,4.453,4.453,,,
2006-01-23,NE,168,3.780,3.780,,,
2006-01-23,N,81,1.770,1.770,,,
2006-01-23,SIN,1.212,26.035,26.035,,,
2006-01-24,SE/CO,774,16.807,16.807,,,
2006-01-24,S,205,4.657,4.657,,,
2006-01-24,NE,174,3.953,3.953,,,
2006-01-24,N,80,1.851,1.851,,,
2006-01-24,SIN,1.233,27.268,27.268,,,
2006-01-25,SE/CO,768,17.574,17.574,,,
2006-01-25,S,205,4.862,4.862,,,
2006-01-25,NE,176,4.129,4.129,,,
2006-01-25,N,80,1.931,1.931,,,
2006-01-25,SIN,1.229,28.497,28.497,,,
2006-01-26,SE/CO,780,18.354,18.354,,,
2006-01-26,S,205,5.068,5.068,,,
2006-01-26,NE,178,4.307,4.307,,,
2006-01-26,N,81,2.012,2.012,,,
2006-01-26,SIN,1.244,29.741,29.741,,,
2006-01-27,SE/CO,770,19.124,19.124,,,
2006-01-27,S,207,5.275,5.275,,,
2006-01-27,NE,180,4.487,4.487,,,
2006-01-27,N,81,2.093,2.093,,,
2006-01-27,SIN,1.238,30.979,30.979,,,
2006-01-28,SE/CO,684,19.808,19.808,,,
2006-01-28,S,183,5.457,5.457,,,
2006-01-28,NE,169,4.656,4.656,,,
2006-01-28,N,79,2.172,2.172,,,
2006-01-28,SIN,1.115,32.094,32.094,,,
2006-01-29,SE/CO,612,20.420,20.420,,,
2006-01-29,S,156,5.614,5.614,,,
2006-01-29,NE,153,4.810,4.810,,,
2006-01-29,N,76,2.248,2.248,,,
2006-01-29,SIN,998,33.092,33.092,,,
2006-01-30,SE/CO,720,21.140,21.140,,,
2006-01-30,S,207,5.821,5.821,,,
2006-01-30,NE,173,4.982,4.982,,,
2006-01-30,N,81,2.330,2.330,,,
2006-01-30,SIN,1.181,34.273,34.273,,,
2006-01-31,SE/CO,741,21.882,21.882,,,
2006-01-31,S,214,6.035,6.035,,,
2006-01-31,NE,175,5.158,5.158,,,
2006-01-31,N,82,2.412,2.412,,,
2006-01-31,SIN,1.213,35.486,35.486,,,
2006-02-01,SE/CO,736,736,22.618,,,
2006-02-01,S,213,213,6.248,,,
2006-02-01,NE,175,175,5.332,,,
2006-02-01,N,81,81,2.493,,,
2006-02-01,SIN,1.205,1.205,36.691,,,
2006-02-02,SE/CO,743,1.480,23.361,,,
2006-02-02,S,213,426,6.460,,,
2006-02-02,NE,173,348,5.506,,,
2006-02-02,N,82,163,2.575,,,
2006-02-02,SIN,1.211,2.416,37.902,,,
2006-02-03,SE/CO,751,2.230,24.112,,,
2006-02-03,S,221,647,6.681,,,
2006-02-03,NE,175,523,5.681,,,
2006-02-03,N,82,245,2.657,,,
2006-02-03,SIN,1.228,3.645,39.131,,,
2006-02-04,SE/CO,694,2.924,24.806,,,
2006-02-04,S,196,843,6.878,,,
2006-02-04,NE,166,689,5.847,,,
2006-02-04,N,79,323,2.736,,,
2006-02-04,SIN,1.135,4.780,40.266,,,
2006-02-05,SE/CO,630,3.554,25.436,,,
2006-02-05,S,167,1.010,7.044,,,
2006-02-05,NE,153,842,6.000,,,
2006-02-05,N,76,400,2.812,,,
2006-02-05,SIN,1.026,5.806,41.292,,,
2006-02-06,SE/CO,766,4.320,26.202,,,
2006-02-06,S,212,1.222,7.257,,,
2006-02-06,NE,172,1.014,6.172,,,
2006-02-06,N,80,479,2.891,,,
2006-02-06,SIN,1.231,7.036,42.522,,,
2006-02-07,SE/CO,788,5.108,26.990,,,
2006-02-07,S,212,1.435,7.469,,,
2006-02-07,NE,176,1.190,6.348,,,
2006-02-07,N,81,560,2.972,,,
2006-02-07,SIN,1.256,8.293,43.779,,,
2006-02-08,SE/CO,789,5.897,27.778,,,
2006-02-08,S,212,1.646,7.681,,,
2006-02-08,NE,178,1.368,6.525,,,
2006-02-08,N,81,641,3.053,,,
2006-02-08,SIN,1.259,9.551,45.037,,,
2006-02-09,SE/CO,777,6.674,28.555,,,
2006-02-09,S,212,1.858,7.893,,,
2006-02-09,NE,179,1.546,6.704,,,
2006-02-09,N,83,723,3.135,,,
2006-02-09,SIN,1.250,10.801,46.287,,,
2006-02-10,SE/CO,771,7.445,29.327,,,
2006-02-10,S,208,2.066,8.100,,,
2006-02-10,NE,178,1.724,6.882,,,
2006-02-10,N,82,805,3.217,,,
2006-02-10,SIN,1.239,12.040,47.526,,,
2006-02-11,SE/CO,682,8.127,30.008,,,
2006-02-11,S,180,2.245,8.280,,,
2006-02-11,NE,168,1.892,7.050,,,
2006-02-11,N,78,884,3.296,,,
2006-02-11,SIN,1.107,13.148,48.634,,,
2006-02-12,SE/CO,603,8.730,30.611,,,
2006-02-12,S,154,2.400,8.434,,,
2006-02-12,NE,153,2.046,7.203,,,
2006-02-12,N,76,959,3.371,,,
2006-02-12,SIN,987,14.134,49.620,,,
2006-02-13,SE/CO,723,9.452,31.334,,,
2006-02-13,S,206,2.605,8.640,,,
2006-02-13,NE,173,2.219,7.376,,,
2006-02-13,N,80,1.039,3.451,,,
2006-02-13,SIN,1.181,15.315,50.801,,,
2006-02-14,SE/CO,752,10.205,32.086,,,
2006-02-14,S,214,2.820,8.854,,,
2006-02-14,NE,177,2.395,7.553,,,
2006-02-14,N,79,1.118,3.530,,,
2006-02-14,SIN,1.222,16.538,52.024,,,
2006-02-15,SE/CO,757,10.962,32.843,,,
2006-02-15,S,216,3.035,9.070,,,
2006-02-15,NE,175,2.570,7.728,,,
2006-02-15,N,82,1.199,3.612,,,
2006-02-15,SIN,1.229,17.767,53.253,,,
2006-02-16,SE/CO,751,11.713,33.594,,,
2006-02-16,S,213,3.248,9.283,,,
2006-02-16,NE,173,2.744,7.901,,,
2006-02-16,N,81,1.280,3.693,,,
2006-02-16,SIN,1.218,18.985,54.471,,,
2006-02-17,SE/CO,762,12.475,34.356,,,
2006-02-17,S,213,3.461,9.497,,,
2006-02-17,NE,173,2.917,8.075,,,
2006-02-17,N,80,1.361,3.773,,,
2006-02-17,SIN,1.229,20.214,55.700,,,
2006-02-18,SE/CO,699,13.174,35.055,,,
2006-02-18,S,189,3.651,9.686,,,
2006-02-18,NE,164,3.081,8.239,,,
2006-02-18,N,78,1.439,3.851,,,
2006-02-18,SIN,1.131,21.345,56.831,,,
2006-02-19,SE/CO,632,13.806,35.687,,,
2006-02-19,S,158,3.809,9.844,,,
2006-02-19,NE,152,3.233,8.391,,,
2006-02-19,N,74,1.513,3.925,,,
2006-02-19,SIN,1.017,22.362,57.848,,,
2006-02-20,SE/CO,765,14.571,36.452,,,
2006-02-20,S,206,4.015,10.050,,,
2006-02-20,NE,173,3.406,8.564,,,
2006-02-20,N,79,1.592,4.004,,,
2006-02-20,SIN,1.222,23.584,59.070,,,
2006-02-21,SE/CO,780,15.351,37.233,,,
2006-02-21,S,212,4.227,10.262,,,
2006-02-21,NE,175,3.582,8.739,,,
2006-02-21,N,78,1.670,4.082,,,
2006-02-21,SIN,1.246,24.831,60.317,,,
2006-02-22,SE/CO,765,16.116,37.997,,,
2006-02-22,S,215,4.442,10.477,,,
2006-02-22,NE,175,3.757,8.914,,,
2006-02-22,N,78,1.749,4.161,,,
2006-02-22,SIN,1.234,26.063,61.549,,,
2006-02-23,SE/CO,771,16.887,38.768,,,
2006-02-23,S,216,4.658,10.693,,,
2006-02-23,NE,175,3.932,9.089,,,
2006-02-23,N,80,1.828,4.240,,,
2006-02-23,SIN,1.242,27.305,62.791,,,
2006-02-24,SE/CO,768,17.655,39.536,,,
2006-02-24,S,212,4.871,10.906,,,
2006-02-24,NE,172,4.104,9.262,,,
2006-02-24,N,80,1.908,4.320,,,
2006-02-24,SIN,1.232,28.538,64.024,,,
2006-02-25,SE/CO,691,18.346,40.227,,,
2006-02-25,S,177,5.048,11.083,,,
2006-02-25,NE,162,4.266,9.424,,,
2006-02-25,N,77,1.985,4.397,,,
2006-02-25,SIN,1.107,29.645,65.131,,,
2006-02-26,SE/CO,612,18.958,40.839,,,
2006-02-26,S,150,5.198,11.233,,,
2006-02-26,NE,150,4.416,9.574,,,
2006-02-26,N,74,2.059,4.471,,,
2006-02-26,SIN,986,30.631,66.117,,,
2006-02-27,SE/CO,653,19.611,41.492,,,
2006-02-27,S,182,5.380,11.415,,,
2006-02-27,NE,151,4.567,9.725,,,
2006-02-27,N,76,2.134,4.546,,,
2006-02-27,SIN,1.062,31.693,67.179,,,
2006-02-28,SE/CO,643,20.254,42.135,,,
2006-02-28,S,183,5.564,11.599,,,
2006-02-28,NE,151,4.718,9.876,,,
2006-02-28,N,74,2.208,4.620,,,
2006-02-28,SIN,1.051,32.744,68.230,,,
2006-03-01,SE/CO,724,724,42.859,,,
2006-03-01,S,208,208,11.807,,,
2006-03-01,NE,160,160,10.036,,,
2006-03-01,N,77,77,4.696,,,
2006-03-01,SIN,1.169,1.169,69.399,,,
2006-03-02,SE/CO,767,1.491,43.626,,,
2006-03-02,S,215,423,12.022,,,
2006-03-02,NE,171,331,10.207,,,
2006-03-02,N,77,154,4.773,,,
2006-03-02,SIN,1.230,2.399,70.628,,,
2006-03-03,SE/CO,780,2.270,44.406,,,
2006-03-03,S,216,639,12.238,,,
2006-03-03,NE,172,503,10.379,,,
2006-03-03,N,80,233,4.853,,,
2006-03-03,SIN,1.248,3.646,71.876,,,
2006-03-04,SE/CO,716,2.987,45.122,,,
2006-03-04,S,187,826,12.425,,,
2006-03-04,NE,166,669,10.545,,,
2006-03-04,N,78,311,4.930,,,
2006-03-04,SIN,1.147,4.793,73.023,,,
2006-03-05,SE/CO,640,3.626,45.762,,,
2006-03-05,S,155,981,12.580,,,
2006-03-05,NE,154,823,10.699,,,
2006-03-05,N,76,386,5.006,,,
2006-03-05,SIN,1.024,5.817,74.047,,,
2006-03-06,SE/CO,755,4.381,46.517,,,
2006-03-06,S,204,1.185,12.784,,,
2006-03-06,NE,175,998,10.874,,,
2006-03-06,N,81,467,5.087,,,
2006-03-06,SIN,1.215,7.032,75.262,,,
2006-03-07,SE/CO,755,5.139,47.274,,,
2006-03-07,S,212,1.398,12.997,,,
2006-03-07,NE,176,1.174,11.050,,,
2006-03-07,N,81,548,5.168,,,
2006-03-07,SIN,1.225,8.259,76.489,,,
2006-03-08,SE/CO,763,5.902,48.038,,,
2006-03-08,S,219,1.617,13.216,,,
2006-03-08,NE,175,1.350,11.226,,,
2006-03-08,N,80,629,5.248,,,
2006-03-08,SIN,1.238,9.497,77.728,,,
2006-03-09,SE/CO,773,6.674,48.811,,,
2006-03-09,S,221,1.837,13.436,,,
2006-03-09,NE,175,1.525,11.401,,,
2006-03-09,N,81,709,5.329,,,
2006-03-09,SIN,1.249,10.746,78.977,,,
2006-03-10,SE/CO,774,7.448,49.584,,,
2006-03-10,S,213,2.050,13.649,,,
2006-03-10,NE,175,1.700,11.576,,,
2006-03-10,N,81,791,5.410,,,
2006-03-10,SIN,1.243,11.989,80.220,,,
2006-03-11,SE/CO,687,8.135,50.271,,,
2006-03-11,S,181,2.232,13.830,,,
2006-03-11,NE,164,1.864,11.740,,,
2006-03-11,N,76,867,5.486,,,
2006-03-11,SIN,1.108,13.097,81.328,,,
2006-03-12,SE/CO,612,8.746,50.883,,,
2006-03-12,S,154,2.385,13.984,,,
2006-03-12,NE,151,2.015,11.891,,,
2006-03-12,N,75,941,5.561,,,
2006-03-12,SIN,991,14.088,82.318,,,
2006-03-13,SE/CO,732,9.478,51.614,,,
2006-03-13,S,207,2.592,14.191,,,
2006-03-13,NE,168,2.183,12.058,,,
2006-03-13,N,80,1.022,5.642,,,
2006-03-13,SIN,1.187,15.275,83.506,,,
2006-03-14,SE/CO,760,10.238,52.374,,,
2006-03-14,S,217,2.810,14.408,,,
2006-03-14,NE,171,2.354,12.229,,,
2006-03-14,N,81,1.103,5.723,,,
2006-03-14,SIN,1.229,16.504,84.735,,,
2006-03-15,SE/CO,762,11.000,53.137,,,
2006-03-15,S,220,3.030,14.628,,,
2006-03-15,NE,171,2.525,12.401,,,
2006-03-15,N,81,1.184,5.804,,,
2006-03-15,SIN,1.235,17.739,85.970,,,
2006-03-16,SE/CO,767,11.768,53.904,,,
2006-03-16,S,225,3.254,14.853,,,
2006-03-16,NE,173,2.697,12.573,,,
2006-03-16,N,82,1.267,5.886,,,
2006-03-16,SIN,1.247,18.986,87.217,,,
2006-03-17,SE/CO,769,12.537,54.679,,,
2006-03-17,S,227,3.481,15.081,,,
2006-03-17,NE,174,2.871,12.747,,,
2006-03-17,N,82,1.349,5.968,,,
2006-03-17,SIN,1.252,20.238,88.475,,,
2006-03-18,SE/CO,704,13.241,55.383,,,
2006-03-18,S,199,3.680,15.279,,,
2006-03-18,NE,163,3.034,12.910,,,
2006-03-18,N,78,1.427,6.047,,,
2006-03-18,SIN,1.144,21.382,89.619,,,
2006-03-19,SE/CO,625,13.866,56.007,,,
2006-03-19,S,166,3.846,15.445,,,
2006-03-19,NE,149,3.184,13.059,,,
2006-03-19,N,75,1.502,6.122,,,
2006-03-19,SIN,1.014,22.397,90.634,,,
2006-03-20,SE/CO,753,14.619,56.761,,,
2006-03-20,S,213,4.059,15.658,,,
2006-03-20,NE,165,3.349,13.224,,,
2006-03-20,N,80,1.583,6.202,,,
2006-03-20,SIN,1.212,23.609,91.846,,,
2006-03-21,SE/CO,772,15.391,57.533,,,
2006-03-21,S,214,4.273,15.873,,,
2006-03-21,NE,170,3.519,13.395,,,
2006-03-21,N,81,1.664,6.284,,,
2006-03-21,SIN,1.238,24.847,93.084,,,
2006-03-22,SE/CO,777,16.167,58.309,,,
2006-03-22,S,216,4.490,16.089,,,
2006-03-22,NE,171,3.690,13.566,,,
2006-03-22,N,81,1.745,6.365,,,
2006-03-22,SIN,1.246,26.092,94.329,,,
2006-03-23,SE/CO,775,16.943,59.085,,,
2006-03-23,S,215,4.704,16.303,,,
2006-03-23,NE,170,3.860,13.736,,,
2006-03-23,N,81,1.826,6.446,,,
2006-03-23,SIN,1.241,27.333,95.570,,,
2006-03-24,SE/CO,783,17.725,59.867,,,
2006-03-24,S,217,4.921,16.520,,,
2006-03-24,NE,168,4.028,13.904,,,
2006-03-24,N,81,1.907,6.527,,,
2006-03-24,SIN,1.248,28.581,96.818,,,
2006-03-25,SE/CO,715,18.440,60.582,,,
2006-03-25,S,185,5.106,16.705,,,
2006-03-25,NE,159,4.187,14.063,,,
2006-03-25,N,78,1.985,6.605,,,
2006-03-25,SIN,1.137,29.719,97.955,,,
2006-03-26,SE/CO,622,19.062,61.204,,,
2006-03-26,S,149,5.255,16.854,,,
2006-03-26,NE,149,4.337,14.213,,,
2006-03-26,N,75,2.060,6.680,,,
2006-03-26,SIN,995,30.714,98.951,,,
2006-03-27,SE/CO,732,19.794,61.936,,,
2006-03-27,S,196,5.451,17.050,,,
2006-03-27,NE,170,4.507,14.383,,,
2006-03-27,N,80,2.140,6.760,,,
2006-03-27,SIN,1.179,31.893,100.129,,,
2006-03-28,SE/CO,756,20.551,62.693,,,
2006-03-28,S,207,5.658,17.257,,,
2006-03-28,NE,173,4.680,14.556,,,
2006-03-28,N,80,2.220,6.840,,,
2006-03-28,SIN,1.216,33.109,101.346,,,
2006-03-29,SE/CO,759,21.314,63.456,,,
2006-03-29,S,200,5.858,17.457,,,
2006-03-29,NE,172,4.852,14.728,,,
2006-03-29,N,80,2.300,6.920,,,
2006-03-29,SIN,1.212,34.324,102.561,,,
2006-03-30,SE/CO,748,22.061,64.203,,,
2006-03-30,S,199,6.057,17.657,,,
2006-03-30,NE,173,5.025,14.901,,,
2006-03-30,N,79,2.379,6.999,,,
2006-03-30,SIN,1.199,35.522,103.759,,,
2006-03-31,SE/CO,740,22.801,64.942,,,
2006-03-31,S,201,6.258,17.858,,,
2006-03-31,NE,171,5.196,15.072,,,
2006-03-31,N,80,2.459,7.079,,,
2006-03-31,SIN,1.192,36.714,104.951,,,
2006-04-01,SE/CO,672,672,65.614,,,
2006-04-01,S,177,177,18.035,,,
2006-04-01,NE,159,159,15.231,,,
2006-04-01,N,75,75,7.154,,,
2006-04-01,SIN,1.083,1.083,106.034,,,
2006-04-02,SE/CO,599,1.270,66.213,,,
2006-04-02,S,149,327,18.185,,,
2006-04-02,NE,146,305,15.377,,,
2006-04-02,N,73,149,7.228,,,
2006-04-02,SIN,968,2.051,107.002,,,
2006-04-03,SE/CO,723,1.993,66.935,,,
2006-04-03,S,197,524,18.382,,,
2006-04-03,NE,167,471,15.543,,,
2006-04-03,N,80,229,7.308,,,
2006-04-03,SIN,1.167,3.217,108.169,,,
2006-04-04,SE/CO,735,2.728,67.670,,,
2006-04-04,S,206,730,18.588,,,
2006-04-04,NE,170,641,15.713,,,
2006-04-04,N,81,310,7.389,,,
2006-04-04,SIN,1.192,4.409,109.360,,,
2006-04-05,SE/CO,740,3.468,68.410,,,
2006-04-05,S,207,938,18.796,,,
2006-04-05,NE,169,810,15.882,,,
2006-04-05,N,80,390,7.469,,,
2006-04-05,SIN,1.196,5.605,110.556,,,
2006-04-06,SE/CO,748,4.215,69.158,,,
2006-04-06,S,205,1.143,19.001,,,
2006-04-06,NE,171,982,16.053,,,
2006-04-06,N,81,471,7.549,,,
2006-04-06,SIN,1.205,6.810,111.761,,,
2006-04-07,SE/CO,751,4.966,69.909,,,
2006-04-07,S,207,1.349,19.207,,,
2006-04-07,NE,170,1.152,16.224,,,
2006-04-07,N,79,550,7.629,,,
2006-04-07,SIN,1.208,8.018,112.969,,,
2006-04-08,SE/CO,694,5.661,70.603,,,
2006-04-08,S,185,1.534,19.392,,,
2006-04-08,NE,162,1.314,16.386,,,
2006-04-08,N,78,627,7.706,,,
2006-04-08,SIN,1.119,9.136,114.087,,,
2006-04-09,SE/CO,620,6.280,71.223,,,
2006-04-09,S,150,1.685,19.543,,,
2006-04-09,NE,148,1.462,16.533,,,
2006-04-09,N,74,701,7.780,,,
2006-04-09,SIN,992,10.128,115.079,,,
2006-04-10,SE/CO,737,7.018,71.960,,,
2006-04-10,S,194,1.879,19.736,,,
2006-04-10,NE,164,1.625,16.697,,,
2006-04-10,N,80,781,7.860,,,
2006-04-10,SIN,1.175,11.303,116.254,,,
2006-04-11,SE/CO,757,7.774,72.717,,,
2006-04-11,S,201,2.079,19.937,,,
2006-04-11,NE,169,1.795,16.867,,,
2006-04-11,N,80,862,7.941,,,
2006-04-11,SIN,1.207,12.510,117.461,,,
2006-04-12,SE/CO,756,8.531,73.473,,,
2006-04-12,S,205,2.284,20.142,,,
2006-04-12,NE,172,1.966,17.038,,,
2006-04-12,N,80,942,8.021,,,
2006-04-12,SIN,1.213,13.723,118.675,,,
2006-04-13,SE/CO,745,9.276,74.219,,,
2006-04-13,S,201,2.486,20.344,,,
2006-04-13,NE,167,2.133,17.205,,,
2006-04-13,N,79,1.021,8.100,,,
2006-04-13,SIN,1.192,14.915,119.867,,,
2006-04-14,SE/CO,614,9.890,74.832,,,
2006-04-14,S,148,2.634,20.492,,,
2006-04-14,NE,143,2.276,17.348,,,
2006-04-14,N,75,1.095,8.174,,,
2006-04-14,SIN,980,15.895,120.846,,,
2006-04-15,SE/CO,644,10.534,75.476,,,
2006-04-15,S,154,2.788,20.646,,,
2006-04-15,NE,152,2.428,17.500,,,
2006-04-15,N,77,1.172,8.251,,,
2006-04-15,SIN,1.026,16.921,121.872,,,
2006-04-16,SE/CO,600,11.134,76.076,,,
2006-04-16,S,134,2.922,20.780,,,
2006-04-16,NE,145,2.573,17.645,,,
2006-04-16,N,75,1.246,8.325,,,
2006-04-16,SIN,954,17.875,122.827,,,
2006-04-17,SE/CO,714,11.849,76.791,,,
2006-04-17,S,186,3.108,20.966,,,
2006-04-17,NE,165,2.739,17.810,,,
2006-04-17,N,79,1.325,8.404,,,
2006-04-17,SIN,1.144,19.020,123.971,,,
2006-04-18,SE/CO,709,12.557,77.500,,,
2006-04-18,S,196,3.304,21.162,,,
2006-04-18,NE,170,2.908,17.980,,,
2006-04-18,N,78,1.403,8.481,,,
2006-04-18,SIN,1.152,20.172,125.123,,,
2006-04-19,SE/CO,691,13.248,78.191,,,
2006-04-19,S,217,3.521,21.378,,,
2006-04-19,NE,168,3.076,18.148,,,
2006-04-19,N,80,1.483,8.562,,,
2006-04-19,SIN,1.156,21.328,126.278,,,
2006-04-20,SE/CO,713,13.961,78.904,,,
2006-04-20,S,198,3.719,21.576,,,
2006-04-20,NE,167,3.243,18.315,,,
2006-04-20,N,79,1.562,8.641,,,
2006-04-20,SIN,1.158,22.486,127.436,,,
2006-04-21,SE/CO,637,14.598,79.541,,,
2006-04-21,S,171,3.891,21.747,,,
2006-04-21,NE,153,3.396,18.468,,,
2006-04-21,N,76,1.638,8.717,,,
2006-04-21,SIN,1.037,23.523,128.473,,,
2006-04-22,SE/CO,648,15.246,80.189,,,
2006-04-22,S,161,4.052,21.909,,,
2006-04-22,NE,154,3.549,18.621,,,
2006-04-22,N,77,1.716,8.795,,,
2006-04-22,SIN,1.040,24.563,129.513,,,
2006-04-23,SE/CO,604,15.850,80.793,,,
2006-04-23,S,142,4.194,22.051,,,
2006-04-23,NE,146,3.695,18.767,,,
2006-04-23,N,75,1.790,8.869,,,
2006-04-23,SIN,967,25.530,130.480,,,
2006-04-24,SE/CO,728,16.578,81.521,,,
2006-04-24,S,194,4.388,22.245,,,
2006-04-24,NE,164,3.859,18.931,,,
2006-04-24,N,81,1.871,8.950,,,
2006-04-24,SIN,1.167,26.697,131.647,,,
2006-04-25,SE/CO,756,17.334,82.277,,,
2006-04-25,S,202,4.590,22.447,,,
2006-04-25,NE,167,4.026,19.098,,,
2006-04-25,N,80,1.951,9.030,,,
2006-04-25,SIN,1.205,27.901,132.852,,,
2006-04-26,SE/CO,765,18.099,83.042,,,
2006-04-26,S,203,4.793,22.650,,,
2006-04-26,NE,167,4.193,19.265,,,
2006-04-26,N,80,2.032,9.110,,,
2006-04-26,SIN,1.215,29.117,134.067,,,
2006-04-27,SE/CO,753,18.852,83.795,,,
2006-04-27,S,201,4.995,22.851,,,
2006-04-27,NE,170,4.363,19.435,,,
2006-04-27,N,81,2.112,9.191,,,
2006-04-27,SIN,1.205,30.322,135.272,,,
2006-04-28,SE/CO,743,19.595,84.538,,,
2006-04-28,S,201,5.196,23.052,,,
2006-04-28,NE,170,4.533,19.605,,,
2006-04-28,N,82,2.194,9.273,,,
2006-04-28,SIN,1.196,31.518,136.468,,,
2006-04-29,SE/CO,677,20.272,85.215,,,
2006-04-29,S,176,5.371,23.228,,,
2006-04-29,NE,161,4.694,19.765,,,
2006-04-29,N,79,2.273,9.352,,,
2006-04-29,SIN,1.093,32.610,137.560,,,
2006-04-30,SE/CO,599,20.871,85.814,,,
2006-04-30,S,144,5.515,23.372,,,
2006-04-30,NE,144,4.837,19.909,,,
2006-04-30,N,75,2.349,9.428,,,
2006-04-30,SIN,961,33.572,138.522,,,
2006-05-01,SE/CO,593,593,86.407,,,
2006-05-01,S,142,142,23.513,,,
2006-05-01,NE,139,139,20.048,,,
2006-05-01,N,76,76,9.503,,,
2006-05-01,SIN,949,949,139.471,,,
2006-05-02,SE/CO,719,1.312,87.126,,,
2006-05-02,S,188,330,23.701,,,
2006-05-02,NE,163,302,20.211,,,
2006-05-02,N,81,157,9.585,,,
2006-05-02,SIN,1.152,2.101,140.623,,,
2006-05-03,SE/CO,717,2.030,87.843,,,
2006-05-03,S,195,524,23.896,,,
2006-05-03,NE,170,472,20.381,,,
2006-05-03,N,81,238,9.666,,,
2006-05-03,SIN,1.163,3.264,141.786,,,
2006-05-04,SE/CO,713,2.743,88.556,,,
2006-05-04,S,193,718,24.089,,,
2006-05-04,NE,168,640,20.549,,,
2006-05-04,N,81,319,9.747,,,
2006-05-04,SIN,1.155,4.419,142.941,,,
2006-05-05,SE/CO,710,3.452,89.266,,,
2006-05-05,S,193,911,24.282,,,
2006-05-05,NE,169,809,20.718,,,
2006-05-05,N,80,400,9.827,,,
2006-05-05,SIN,1.152,5.571,144.093,,,
2006-05-06,SE/CO,652,4.104,89.917,,,
2006-05-06,S,171,1.082,24.453,,,
2006-05-06,NE,162,970,20.879,,,
2006-05-06,N,78,477,9.905,,,
2006-05-06,SIN,1.062,6.633,145.155,,,
2006-05-07,SE/CO,579,4.683,90.496,,,
2006-05-07,S,143,1.225,24.596,,,
2006-05-07,NE,147,1.118,21.027,,,
2006-05-07,N,75,553,9.980,,,
2006-05-07,SIN,944,7.577,146.099,,,
2006-05-08,SE/CO,693,5.375,91.189,,,
2006-05-08,S,190,1.414,24.786,,,
2006-05-08,NE,165,1.282,21.191,,,
2006-05-08,N,80,633,10.060,,,
2006-05-08,SIN,1.127,8.705,147.227,,,
2006-05-09,SE/CO,712,6.087,91.900,,,
2006-05-09,S,197,1.612,24.983,,,
2006-05-09,NE,166,1.448,21.357,,,
2006-05-09,N,82,715,10.142,,,
2006-05-09,SIN,1.157,9.861,148.383,,,
2006-05-10,SE/CO,716,6.802,92.616,,,
2006-05-10,S,198,1.809,25.181,,,
2006-05-10,NE,163,1.611,21.520,,,
2006-05-10,N,83,797,10.225,,,
2006-05-10,SIN,1.158,11.020,149.542,,,
2006-05-11,SE/CO,710,7.513,93.326,,,
2006-05-11,S,198,2.008,25.379,,,
2006-05-11,NE,166,1.777,21.686,,,
2006-05-11,N,82,879,10.307,,,
2006-05-11,SIN,1.156,12.176,150.698,,,
2006-05-12,SE/CO,707,8.220,94.033,,,
2006-05-12,S,197,2.205,25.577,,,
2006-05-12,NE,169,1.946,21.855,,,
2006-05-12,N,82,961,10.389,,,
2006-05-12,SIN,1.156,13.332,151.854,,,
2006-05-13,SE/CO,650,8.869,94.683,,,
2006-05-13,S,172,2.377,25.748,,,
2006-05-13,NE,161,2.107,22.016,,,
2006-05-13,N,80,1.041,10.469,,,
2006-05-13,SIN,1.062,14.394,152.915,,,
2006-05-14,SE/CO,565,9.434,95.248,,,
2006-05-14,S,139,2.516,25.888,,,
2006-05-14,NE,146,2.252,22.161,,,
2006-05-14,N,76,1.117,10.545,,,
2006-05-14,SIN,926,15.320,153.842,,,
2006-05-15,SE/CO,678,10.112,95.926,,,
2006-05-15,S,188,2.704,26.075,,,
2006-05-15,NE,162,2.415,22.324,,,
2006-05-15,N,82,1.199,10.627,,,
2006-05-15,SIN,1.110,16.430,154.952,,,
2006-05-16,SE/CO,700,10.812,96.626,,,
2006-05-16,S,195,2.899,26.271,,,
2006-05-16,NE,164,2.579,22.488,,,
2006-05-16,N,84,1.283,10.711,,,
2006-05-16,SIN,1.143,17.573,156.095,,,
2006-05-17,SE/CO,706,11.518,97.332,,,
2006-05-17,S,197,3.096,26.467,,,
2006-05-17,NE,163,2.742,22.651,,,
2006-05-17,N,82,1.365,10.792,,,
2006-05-17,SIN,1.147,18.720,157.242,,,
2006-05-18,SE/CO,707,12.226,98.039,,,
2006-05-18,S,198,3.294,26.665,,,
2006-05-18,NE,162,2.903,22.812,,,
2006-05-18,N,83,1.447,10.875,,,
2006-05-18,SIN,1.150,19.870,158.392,,,
2006-05-19,SE/CO,710,12.936,98.749,,,
2006-05-19,S,199,3.493,26.864,,,
2006-05-19,NE,162,3.066,22.975,,,
2006-05-19,N,82,1.529,10.957,,,
2006-05-19,SIN,1.153,21.023,159.545,,,
2006-05-20,SE/CO,651,13.587,99.400,,,
2006-05-20,S,175,3.668,27.039,,,
2006-05-20,NE,154,3.219,23.129,,,
2006-05-20,N,79,1.608,11.035,,,
2006-05-20,SIN,1.058,22.082,160.603,,,
2006-05-21,SE/CO,583,14.169,99.983,,,
2006-05-21,S,144,3.812,27.183,,,
2006-05-21,NE,144,3.364,23.273,,,
2006-05-21,N,75,1.683,11.111,,,
2006-05-21,SIN,946,23.028,161.550,,,
2006-05-22,SE/CO,701,14.870,100.684,,,
2006-05-22,S,189,4.001,27.372,,,
2006-05-22,NE,159,3.522,23.431,,,
2006-05-22,N,82,1.765,11.192,,,
2006-05-22,SIN,1.130,24.158,162.680,,,
2006-05-23,SE/CO,715,15.585,101.399,,,
2006-05-23,S,198,4.198,27.570,,,
2006-05-23,NE,162,3.684,23.593,,,
2006-05-23,N,81,1.846,11.273,,,
2006-05-23,SIN,1.156,25.314,163.836,,,
2006-05-24,SE/CO,709,16.294,102.108,,,
2006-05-24,S,199,4.397,27.769,,,
2006-05-24,NE,162,3.847,23.756,,,
2006-05-24,N,80,1.926,11.354,,,
2006-05-24,SIN,1.150,26.464,164.986,,,
2006-05-25,SE/CO,707,17.002,102.815,,,
2006-05-25,S,197,4.594,27.966,,,
2006-05-25,NE,163,4.010,23.919,,,
2006-05-25,N,80,2.006,11.434,,,
2006-05-25,SIN,1.148,27.612,166.133,,,
2006-05-26,SE/CO,713,17.715,103.528,,,
2006-05-26,S,195,4.789,28.161,,,
2006-05-26,NE,162,4.172,24.081,,,
2006-05-26,N,82,2.088,11.516,,,
2006-05-26,SIN,1.152,28.763,167.285,,,
2006-05-27,SE/CO,658,18.372,104.186,,,
2006-05-27,S,173,4.962,28.334,,,
2006-05-27,NE,153,4.325,24.234,,,
2006-05-27,N,78,2.166,11.594,,,
2006-05-27,SIN,1.063,29.826,168.348,,,
2006-05-28,SE/CO,583,18.956,104.769,,,
2006-05-28,S,144,5.107,28.479,,,
2006-05-28,NE,140,4.465,24.374,,,
2006-05-28,N,78,2.244,11.672,,,
2006-05-28,SIN,945,30.771,169.293,,,
2006-05-29,SE/CO,699,19.655,105.469,,,
2006-05-29,S,195,5.302,28.673,,,
2006-05-29,NE,158,4.623,24.532,,,
2006-05-29,N,83,2.327,11.755,,,
2006-05-29,SIN,1.135,31.907,170.428,,,
2006-05-30,SE/CO,725,20.380,106.199,,,
2006-05-30,S,201,5.503,28.874,,,
2006-05-30,NE,160,4.783,24.692,,,
2006-05-30,N,84,2.411,11.839,,,
2006-05-30,SIN,1.170,33.076,171.603,,,
2006-05-31,SE/CO,727,21.107,106.926,,,
2006-05-31,S,199,5.702,29.072,,,
2006-05-31,NE,159,4.943,24.852,,,
2006-05-31,N,82,2.493,11.921,,,
2006-05-31,SIN,1.168,34.245,172.772,,,
2006-06-01,SE/CO,724,724,107.650,,,
2006-06-01,S,197,197,29.270,,,
2006-06-01,NE,161,161,25.012,,,
2006-06-01,N,83,83,12.004,,,
2006-06-01,SIN,1.165,1.165,173.936,,,
2006-06-02,SE/CO,715,1.439,108.365,,,
2006-06-02,S,196,393,29.465,,,
2006-06-02,NE,162,322,25.174,,,
2006-06-02,N,83,166,12.087,,,
2006-06-02,SIN,1.155,2.320,175.091,,,
2006-06-03,SE/CO,655,2.093,109.020,,,
2006-06-03,S,173,566,29.638,,,
2006-06-03,NE,155,477,25.329,,,
2006-06-03,N,81,247,12.168,,,
2006-06-03,SIN,1.063,3.383,176.154,,,
2006-06-04,SE/CO,579,2.673,109.599,,,
2006-06-04,S,145,711,29.783,,,
2006-06-04,NE,143,620,25.471,,,
2006-06-04,N,78,325,12.246,,,
2006-06-04,SIN,945,4.328,177.100,,,
2006-06-05,SE/CO,695,3.368,110.294,,,
2006-06-05,S,191,902,29.975,,,
2006-06-05,NE,159,779,25.631,,,
2006-06-05,N,83,408,12.329,,,
2006-06-05,SIN,1.129,5.457,178.228,,,
2006-06-06,SE/CO,717,4.084,111.011,,,
2006-06-06,S,197,1.100,30.172,,,
2006-06-06,NE,164,942,25.794,,,
2006-06-06,N,83,491,12.412,,,
2006-06-06,SIN,1.160,6.617,179.389,,,
2006-06-07,SE/CO,720,4.805,111.731,,,
2006-06-07,S,200,1.299,30.372,,,
2006-06-07,NE,164,1.107,25.958,,,
2006-06-07,N,83,574,12.495,,,
2006-06-07,SIN,1.167,7.785,180.556,,,
2006-06-08,SE/CO,720,5.525,112.451,,,
2006-06-08,S,201,1.500,30.573,,,
2006-06-08,NE,162,1.269,26.120,,,
2006-06-08,N,83,657,12.578,,,
2006-06-08,SIN,1.166,8.951,181.722,,,
2006-06-09,SE/CO,722,6.246,113.172,,,
2006-06-09,S,199,1.699,30.772,,,
2006-06-09,NE,163,1.432,26.284,,,
2006-06-09,N,81,739,12.660,,,
2006-06-09,SIN,1.165,10.116,182.888,,,
2006-06-10,SE/CO,669,6.915,113.841,,,
2006-06-10,S,177,1.876,30.948,,,
2006-06-10,NE,156,1.588,26.440,,,
2006-06-10,N,81,819,12.740,,,
2006-06-10,SIN,1.082,11.198,183.970,,,
2006-06-11,SE/CO,593,7.508,114.434,,,
2006-06-11,S,146,2.021,31.094,,,
2006-06-11,NE,145,1.733,26.585,,,
2006-06-11,N,79,898,12.819,,,
2006-06-11,SIN,962,12.160,184.932,,,
2006-06-12,SE/CO,705,8.213,115.139,,,
2006-06-12,S,192,2.213,31.286,,,
2006-06-12,NE,163,1.896,26.747,,,
2006-06-12,N,84,982,12.903,,,
2006-06-12,SIN,1.143,13.303,186.075,,,
2006-06-13,SE/CO,681,8.893,115.819,,,
2006-06-13,S,190,2.403,31.475,,,
2006-06-13,NE,156,2.052,26.903,,,
2006-06-13,N,83,1.064,12.985,,,
2006-06-13,SIN,1.109,14.412,187.183,,,
2006-06-14,SE/CO,715,9.608,116.534,,,
2006-06-14,S,199,2.602,31.675,,,
2006-06-14,NE,160,2.212,27.064,,,
2006-06-14,N,84,1.148,13.069,,,
2006-06-14,SIN,1.158,15.570,188.342,,,
2006-06-15,SE/CO,633,10.241,117.167,,,
2006-06-15,S,169,2.771,31.843,,,
2006-06-15,NE,151,2.363,27.215,,,
2006-06-15,N,79,1.227,13.148,,,
2006-06-15,SIN,1.032,16.602,189.374,,,
2006-06-16,SE/CO,683,10.924,117.851,,,
2006-06-16,S,185,2.956,32.029,,,
2006-06-16,NE,162,2.525,27.377,,,
2006-06-16,N,82,1.310,13.231,,,
2006-06-16,SIN,1.113,17.715,190.487,,,
2006-06-17,SE/CO,646,11.571,118.497,,,
2006-06-17,S,167,3.123,32.196,,,
2006-06-17,NE,158,2.683,27.535,,,
2006-06-17,N,81,1.390,13.311,,,
2006-06-17,SIN,1.052,18.767,191.539,,,
2006-06-18,SE/CO,574,12.145,119.071,,,
2006-06-18,S,141,3.264,32.337,,,
2006-06-18,NE,141,2.824,27.676,,,
2006-06-18,N,79,1.469,13.390,,,
2006-06-18,SIN,936,19.703,192.474,,,
2006-06-19,SE/CO,695,12.840,119.766,,,
2006-06-19,S,192,3.456,32.528,,,
2006-06-19,NE,159,2.983,27.835,,,
2006-06-19,N,83,1.552,13.473,,,
2006-06-19,SIN,1.128,20.831,193.603,,,
2006-06-20,SE/CO,718,13.559,120.485,,,
2006-06-20,S,201,3.657,32.729,,,
2006-06-20,NE,162,3.145,27.997,,,
2006-06-20,N,83,1.635,13.556,,,
2006-06-20,SIN,1.165,21.996,194.767,,,
2006-06-21,SE/CO,722,14.280,121.207,,,
2006-06-21,S,202,3.859,32.932,,,
2006-06-21,NE,163,3.308,28.160,,,
2006-06-21,N,80,1.715,13.636,,,
2006-06-21,SIN,1.168,23.163,195.935,,,
2006-06-22,SE/CO,700,14.981,121.907,,,
2006-06-22,S,193,4.052,33.124,,,
2006-06-22,NE,156,3.464,28.316,,,
2006-06-22,N,80,1.796,13.717,,,
2006-06-22,SIN,1.129,24.292,197.063,,,
2006-06-23,SE/CO,727,15.708,122.634,,,
2006-06-23,S,199,4.251,33.323,,,
2006-06-23,NE,156,3.620,28.472,,,
2006-06-23,N,82,1.878,13.798,,,
2006-06-23,SIN,1.164,25.456,198.228,,,
2006-06-24,SE/CO,673,16.381,123.307,,,
2006-06-24,S,175,4.426,33.498,,,
2006-06-24,NE,145,3.764,28.616,,,
2006-06-24,N,79,1.957,13.878,,,
2006-06-24,SIN,1.072,26.528,199.300,,,
2006-06-25,SE/CO,595,16.976,123.902,,,
2006-06-25,S,144,4.570,33.643,,,
2006-06-25,NE,138,3.903,28.755,,,
2006-06-25,N,76,2.032,13.953,,,
2006-06-25,SIN,953,27.482,200.253,,,
2006-06-26,SE/CO,711,17.687,124.613,,,
2006-06-26,S,188,4.758,33.830,,,
2006-06-26,NE,158,4.061,28.913,,,
2006-06-26,N,83,2.116,14.037,,,
2006-06-26,SIN,1.141,28.622,201.394,,,
2006-06-27,SE/CO,678,18.365,125.291,,,
2006-06-27,S,187,4.945,34.017,,,
2006-06-27,NE,156,4.217,29.069,,,
2006-06-27,N,82,2.198,14.119,,,
2006-06-27,SIN,1.102,29.725,202.496,,,
2006-06-28,SE/CO,700,19.065,125.991,,,
2006-06-28,S,195,5.140,34.212,,,
2006-06-28,NE,162,4.379,29.231,,,
2006-06-28,N,84,2.282,14.202,,,
2006-06-28,SIN,1.141,30.866,203.637,,,
2006-06-29,SE/CO,707,19.773,126.699,,,
2006-06-29,S,194,5.334,34.406,,,
2006-06-29,NE,159,4.538,29.389,,,
2006-06-29,N,81,2.363,14.284,,,
2006-06-29,SIN,1.141,32.007,204.778,,,
2006-06-30,SE/CO,715,20.488,127.414,,,
2006-06-30,S,193,5.526,34.599,,,
2006-06-30,NE,159,4.697,29.549,,,
2006-06-30,N,83,2.446,14.367,,,
2006-06-30,SIN,1.150,33.157,205.929,,,
2006-07-01,SE/CO,639,639,128.053,,,
2006-07-01,S,165,165,34.764,,,
2006-07-01,NE,148,148,29.697,,,
2006-07-01,N,78,78,14.445,,,
2006-07-01,SIN,1.031,1.031,206.959,,,
2006-07-02,SE/CO,583,1.222,128.636,,,
2006-07-02,S,139,303,34.902,,,
2006-07-02,NE,138,286,29.835,,,
2006-07-02,N,76,154,14.521,,,
2006-07-02,SIN,935,1.966,207.894,,,
2006-07-03,SE/CO,695,1.917,129.331,,,
2006-07-03,S,189,492,35.091,,,
2006-07-03,NE,157,443,29.992,,,
2006-07-03,N,80,234,14.601,,,
2006-07-03,SIN,1.120,3.086,209.015,,,
2006-07-04,SE/CO,712,2.628,130.043,,,
2006-07-04,S,197,689,35.287,,,
2006-07-04,NE,159,603,30.152,,,
2006-07-04,N,81,315,14.682,,,
2006-07-04,SIN,1.149,4.235,210.163,,,
2006-07-05,SE/CO,713,3.342,130.756,,,
2006-07-05,S,198,887,35.486,,,
2006-07-05,NE,161,764,30.313,,,
2006-07-05,N,81,396,14.763,,,
2006-07-05,SIN,1.153,5.388,211.317,,,
2006-07-06,SE/CO,713,4.055,131.469,,,
2006-07-06,S,200,1.086,35.685,,,
2006-07-06,NE,161,925,30.473,,,
2006-07-06,N,81,477,14.844,,,
2006-07-06,SIN,1.155,6.543,212.471,,,
2006-07-07,SE/CO,717,4.772,132.186,,,
2006-07-07,S,200,1.286,35.885,,,
2006-07-07,NE,161,1.085,30.634,,,
2006-07-07,N,82,559,14.926,,,
2006-07-07,SIN,1.159,7.702,213.631,,,
2006-07-08,SE/CO,667,5.439,132.853,,,
2006-07-08,S,172,1.458,36.057,,,
2006-07-08,NE,153,1.238,30.787,,,
2006-07-08,N,79,638,15.004,,,
2006-07-08,SIN,1.070,8.772,214.701,,,
2006-07-09,SE/CO,592,6.031,133.445,,,
2006-07-09,S,140,1.598,36.196,,,
2006-07-09,NE,142,1.380,30.929,,,
2006-07-09,N,76,713,15.080,,,
2006-07-09,SIN,949,9.721,215.650,,,
2006-07-10,SE/CO,716,6.746,134.160,,,
2006-07-10,S,187,1.785,36.384,,,
2006-07-10,NE,159,1.539,31.088,,,
2006-07-10,N,81,794,15.161,,,
2006-07-10,SIN,1.143,10.864,216.792,,,
2006-07-11,SE/CO,732,7.478,134.892,,,
2006-07-11,S,195,1.980,36.579,,,
2006-07-11,NE,163,1.702,31.251,,,
2006-07-11,N,82,876,15.242,,,
2006-07-11,SIN,1.173,12.036,217.965,,,
2006-07-12,SE/CO,732,8.210,135.625,,,
2006-07-12,S,198,2.178,36.777,,,
2006-07-12,NE,164,1.867,31.416,,,
2006-07-12,N,81,957,15.324,,,
2006-07-12,SIN,1.176,13.213,219.141,,,
2006-07-13,SE/CO,728,8.938,136.352,,,
2006-07-13,S,199,2.378,36.977,,,
2006-07-13,NE,162,2.029,31.578,,,
2006-07-13,N,81,1.039,15.405,,,
2006-07-13,SIN,1.171,14.383,220.312,,,
2006-07-14,SE/CO,729,9.667,137.081,,,
2006-07-14,S,199,2.577,37.176,,,
2006-07-14,NE,161,2.190,31.739,,,
2006-07-14,N,81,1.119,15.486,,,
2006-07-14,SIN,1.170,15.553,221.482,,,
2006-07-15,SE/CO,667,10.334,137.748,,,
2006-07-15,S,171,2.748,37.347,,,
2006-07-15,NE,154,2.345,31.893,,,
2006-07-15,N,77,1.196,15.563,,,
2006-07-15,SIN,1.070,16.623,222.552,,,
2006-07-16,SE/CO,590,10.924,138.338,,,
2006-07-16,S,142,2.891,37.489,,,
2006-07-16,NE,143,2.488,32.036,,,
2006-07-16,N,75,1.271,15.638,,,
2006-07-16,SIN,950,17.573,223.502,,,
2006-07-17,SE/CO,694,11.618,139.032,,,
2006-07-17,S,189,3.079,37.678,,,
2006-07-17,NE,158,2.646,32.195,,,
2006-07-17,N,81,1.353,15.719,,,
2006-07-17,SIN,1.122,18.695,224.624,,,
2006-07-18,SE/CO,714,12.332,139.746,,,
2006-07-18,S,196,3.275,37.874,,,
2006-07-18,NE,160,2.806,32.354,,,
2006-07-18,N,80,1.433,15.800,,,
2006-07-18,SIN,1.151,19.846,225.774,,,
2006-07-19,SE/CO,720,13.052,140.466,,,
2006-07-19,S,192,3.468,38.066,,,
2006-07-19,NE,161,2.966,32.515,,,
2006-07-19,N,80,1.514,15.880,,,
2006-07-19,SIN,1.153,20.999,226.928,,,
2006-07-20,SE/CO,717,13.769,141.183,,,
2006-07-20,S,197,3.664,38.268,,,
2006-07-20,NE,162,3.128,32.677,,,
2006-07-20,N,81,1.594,15.961,,,
2006-07-20,SIN,1.156,22.155,228.089,,,
2006-07-21,SE/CO,721,14.490,141.904,,,
2006-07-21,S,197,3.861,38.465,,,
2006-07-21,NE,163,3.291,32.842,,,
2006-07-21,N,81,1.675,16.041,,,
2006-07-21,SIN,1.161,23.317,229.252,,,
2006-07-22,SE/CO,666,15.156,142.570,,,
2006-07-22,S,173,4.033,38.637,,,
2006-07-22,NE,156,3.447,32.997,,,
2006-07-22,N,77,1.752,16.119,,,
2006-07-22,SIN,1.071,24.388,230.324,,,
2006-07-23,SE/CO,593,15.749,143.163,,,
2006-07-23,S,144,4.177,38.781,,,
2006-07-23,NE,143,3.590,33.140,,,
2006-07-23,N,76,1.828,16.194,,,
2006-07-23,SIN,955,25.343,231.279,,,
2006-07-24,SE/CO,708,16.456,143.871,,,
2006-07-24,S,191,4.372,38.976,,,
2006-07-24,NE,157,3.747,33.297,,,
2006-07-24,N,82,1.909,16.276,,,
2006-07-24,SIN,1.137,26.484,232.420,,,
2006-07-25,SE/CO,731,17.187,144.601,,,
2006-07-25,S,199,4.572,39.175,,,
2006-07-25,NE,161,3.907,33.458,,,
2006-07-25,N,83,1.992,16.358,,,
2006-07-25,SIN,1.173,27.657,233.593,,,
2006-07-26,SE/CO,732,17.919,145.333,,,
2006-07-26,S,201,4.772,39.376,,,
2006-07-26,NE,164,4.071,33.622,,,
2006-07-26,N,82,2.074,16.441,,,
2006-07-26,SIN,1.179,28.836,234.772,,,
2006-07-27,SE/CO,734,18.653,146.068,,,
2006-07-27,S,201,4.973,39.577,,,
2006-07-27,NE,164,4.234,33.785,,,
2006-07-27,N,82,2.156,16.523,,,
2006-07-27,SIN,1.181,30.018,235.953,,,
2006-07-28,SE/CO,744,19.397,146.811,,,
2006-07-28,S,200,5.173,39.777,,,
2006-07-28,NE,165,4.399,33.950,,,
2006-07-28,N,81,2.238,16.604,,,
2006-07-28,SIN,1.189,31.207,237.143,,,
2006-07-29,SE/CO,678,20.075,147.490,,,
2006-07-29,S,167,5.340,39.944,,,
2006-07-29,NE,159,4.558,34.109,,,
2006-07-29,N,78,2.316,16.683,,,
2006-07-29,SIN,1.083,32.289,238.225,,,
2006-07-30,SE/CO,590,20.665,148.080,,,
2006-07-30,S,137,5.477,40.081,,,
2006-07-30,NE,146,4.703,34.254,,,
2006-07-30,N,76,2.392,16.758,,,
2006-07-30,SIN,948,33.238,239.173,,,
2006-07-31,SE/CO,693,21.358,148.773,,,
2006-07-31,S,185,5.663,40.266,,,
2006-07-31,NE,166,4.869,34.420,,,
2006-07-31,N,81,2.473,16.840,,,
2006-07-31,SIN,1.126,34.363,240.299,,,
2006-08-01,SE/CO,714,714,149.487,,,
2006-08-01,S,194,194,40.461,,,
2006-08-01,NE,169,169,34.589,,,
2006-08-01,N,83,83,16.923,,,
2006-08-01,SIN,1.160,1.160,241.459,,,
2006-08-02,SE/CO,720,1.434,150.207,,,
2006-08-02,S,196,390,40.657,,,
2006-08-02,NE,168,337,34.757,,,
2006-08-02,N,83,166,17.005,,,
2006-08-02,SIN,1.167,2.326,242.626,,,
2006-08-03,SE/CO,721,2.155,150.928,,,
2006-08-03,S,197,587,40.854,,,
2006-08-03,NE,167,504,34.924,,,
2006-08-03,N,82,248,17.087,,,
2006-08-03,SIN,1.168,3.494,243.793,,,
2006-08-04,SE/CO,725,2.880,151.652,,,
2006-08-04,S,198,785,41.052,,,
2006-08-04,NE,166,671,35.091,,,
2006-08-04,N,84,332,17.171,,,
2006-08-04,SIN,1.173,4.667,244.966,,,
2006-08-05,SE/CO,670,3.550,152.322,,,
2006-08-05,S,175,960,41.227,,,
2006-08-05,NE,158,828,35.248,,,
2006-08-05,N,80,411,17.251,,,
2006-08-05,SIN,1.083,5.750,246.049,,,
2006-08-06,SE/CO,597,4.146,152.919,,,
2006-08-06,S,147,1.107,41.374,,,
2006-08-06,NE,144,972,35.392,,,
2006-08-06,N,77,489,17.328,,,
2006-08-06,SIN,965,6.714,247.014,,,
2006-08-07,SE/CO,718,4.864,153.637,,,
2006-08-07,S,193,1.300,41.567,,,
2006-08-07,NE,162,1.135,35.555,,,
2006-08-07,N,83,572,17.411,,,
2006-08-07,SIN,1.157,7.871,248.170,,,
2006-08-08,SE/CO,742,5.606,154.379,,,
2006-08-08,S,200,1.501,41.767,,,
2006-08-08,NE,166,1.300,35.720,,,
2006-08-08,N,84,656,17.496,,,
2006-08-08,SIN,1.192,9.063,249.362,,,
2006-08-09,SE/CO,742,6.349,155.121,,,
2006-08-09,S,202,1.702,41.969,,,
2006-08-09,NE,166,1.467,35.887,,,
2006-08-09,N,83,740,17.579,,,
2006-08-09,SIN,1.194,10.257,250.556,,,
2006-08-10,SE/CO,755,7.104,155.877,,,
2006-08-10,S,199,1.902,42.168,,,
2006-08-10,NE,168,1.634,36.054,,,
2006-08-10,N,84,824,17.664,,,
2006-08-10,SIN,1.207,11.464,251.763,,,
2006-08-11,SE/CO,758,7.862,156.635,,,
2006-08-11,S,200,2.102,42.368,,,
2006-08-11,NE,167,1.801,36.221,,,
2006-08-11,N,84,908,17.747,,,
2006-08-11,SIN,1.209,12.673,252.972,,,
2006-08-12,SE/CO,692,8.554,157.326,,,
2006-08-12,S,178,2.279,42.546,,,
2006-08-12,NE,159,1.960,36.380,,,
2006-08-12,N,81,988,17.828,,,
2006-08-12,SIN,1.109,13.782,254.081,,,
2006-08-13,SE/CO,611,9.164,157.937,,,
2006-08-13,S,147,2.426,42.693,,,
2006-08-13,NE,143,2.104,36.524,,,
2006-08-13,N,77,1.065,17.905,,,
2006-08-13,SIN,977,14.759,255.058,,,
2006-08-14,SE/CO,739,9.903,158.676,,,
2006-08-14,S,197,2.623,42.891,,,
2006-08-14,NE,162,2.266,36.685,,,
2006-08-14,N,84,1.149,17.989,,,
2006-08-14,SIN,1.182,15.942,256.241,,,
2006-08-15,SE/CO,759,10.662,159.435,,,
2006-08-15,S,201,2.825,43.092,,,
2006-08-15,NE,165,2.430,36.850,,,
2006-08-15,N,82,1.231,18.071,,,
2006-08-15,SIN,1.207,17.149,257.448,,,
2006-08-16,SE/CO,775,11.438,160.210,,,
2006-08-16,S,201,3.026,43.293,,,
2006-08-16,NE,167,2.598,37.017,,,
2006-08-16,N,85,1.316,18.156,,,
2006-08-16,SIN,1.229,18.378,258.677,,,
2006-08-17,SE/CO,768,12.206,160.979,,,
2006-08-17,S,197,3.223,43.490,,,
2006-08-17,NE,166,2.764,37.183,,,
2006-08-17,N,84,1.400,18.240,,,
2006-08-17,SIN,1.216,19.593,259.892,,,
2006-08-18,SE/CO,759,12.965,161.738,,,
2006-08-18,S,197,3.420,43.687,,,
2006-08-18,NE,165,2.929,37.349,,,
2006-08-18,N,84,1.484,18.324,,,
2006-08-18,SIN,1.205,20.798,261.097,,,
2006-08-19,SE/CO,694,13.659,162.432,,,
2006-08-19,S,168,3.587,43.855,,,
2006-08-19,NE,159,3.088,37.508,,,
2006-08-19,N,79,1.563,18.403,,,
2006-08-19,SIN,1.100,21.898,262.197,,,
2006-08-20,SE/CO,607,14.267,163.039,,,
2006-08-20,S,138,3.725,43.993,,,
2006-08-20,NE,147,3.235,37.655,,,
2006-08-20,N,78,1.641,18.481,,,
2006-08-20,SIN,970,22.868,263.167,,,
2006-08-21,SE/CO,705,14.971,163.744,,,
2006-08-21,S,184,3.910,44.177,,,
2006-08-21,NE,168,3.403,37.822,,,
2006-08-21,N,85,1.725,18.565,,,
2006-08-21,SIN,1.142,24.010,264.309,,,
2006-08-22,SE/CO,717,15.688,164.461,,,
2006-08-22,S,190,4.100,44.367,,,
2006-08-22,NE,172,3.575,37.994,,,
2006-08-22,N,84,1.810,18.649,,,
2006-08-22,SIN,1.163,25.173,265.472,,,
2006-08-23,SE/CO,725,16.414,165.186,,,
2006-08-23,S,192,4.291,44.559,,,
2006-08-23,NE,173,3.748,38.167,,,
2006-08-23,N,84,1.894,18.734,,,
2006-08-23,SIN,1.174,26.347,266.646,,,
2006-08-24,SE/CO,733,17.146,165.919,,,
2006-08-24,S,193,4.484,44.752,,,
2006-08-24,NE,172,3.920,38.339,,,
2006-08-24,N,84,1.978,18.818,,,
2006-08-24,SIN,1.182,27.529,267.828,,,
2006-08-25,SE/CO,744,17.891,166.663,,,
2006-08-25,S,194,4.679,44.946,,,
2006-08-25,NE,171,4.091,38.510,,,
2006-08-25,N,84,2.063,18.902,,,
2006-08-25,SIN,1.194,28.723,269.022,,,
2006-08-26,SE/CO,688,18.578,167.351,,,
2006-08-26,S,171,4.850,45.117,,,
2006-08-26,NE,160,4.251,38.670,,,
2006-08-26,N,81,2.143,18.983,,,
2006-08-26,SIN,1.099,29.822,270.121,,,
2006-08-27,SE/CO,612,19.190,167.963,,,
2006-08-27,S,141,4.990,45.258,,,
2006-08-27,NE,148,4.398,38.818,,,
2006-08-27,N,78,2.221,19.061,,,
2006-08-27,SIN,979,30.800,271.099,,,
2006-08-28,SE/CO,722,19.912,168.685,,,
2006-08-28,S,185,5.176,45.443,,,
2006-08-28,NE,168,4.567,38.986,,,
2006-08-28,N,84,2.305,19.145,,,
2006-08-28,SIN,1.160,31.961,272.260,,,
2006-08-29,SE/CO,724,20.637,169.409,,,
2006-08-29,S,191,5.367,45.635,,,
2006-08-29,NE,172,4.739,39.158,,,
2006-08-29,N,84,2.390,19.230,,,
2006-08-29,SIN,1.172,33.132,273.432,,,
2006-08-30,SE/CO,718,21.354,170.127,,,
2006-08-30,S,192,5.559,45.827,,,
2006-08-30,NE,173,4.912,39.331,,,
2006-08-30,N,84,2.474,19.314,,,
2006-08-30,SIN,1.167,34.299,274.599,,,
2006-08-31,SE/CO,724,22.078,170.851,,,
2006-08-31,S,196,5.755,46.022,,,
2006-08-31,NE,169,5.081,39.500,,,
2006-08-31,N,84,2.558,19.397,,,
2006-08-31,SIN,1.172,35.472,275.771,,,
2006-09-01,SE/CO,729,729,171.580,,,
2006-09-01,S,195,195,46.221,,,
2006-09-01,NE,168,168,39.668,,,
2006-09-01,N,82,82,19.479,,,
2006-09-01,SIN,1.174,1.174,276.949,,,
2006-09-02,SE/CO,674,1.403,172.254,,,
2006-09-02,S,165,360,46.386,,,
2006-09-02,NE,162,330,39.831,,,
2006-09-02,N,81,163,19.560,,,
2006-09-02,SIN,1.082,2.257,278.031,,,
2006-09-03,SE/CO,592,1.995,172.846,,,
2006-09-03,S,135,496,46.522,,,
2006-09-03,NE,153,483,39.983,,,
2006-09-03,N,79,242,19.639,,,
2006-09-03,SIN,959,3.215,278.990,,,
2006-09-04,SE/CO,688,2.683,173.534,,,
2006-09-04,S,181,676,46.702,,,
2006-09-04,NE,172,655,40.155,,,
2006-09-04,N,83,324,19.722,,,
2006-09-04,SIN,1.123,4.338,280.113,,,
2006-09-05,SE/CO,691,3.369,174.220,,,
2006-09-05,S,189,865,46.891,,,
2006-09-05,NE,177,832,40.332,,,
2006-09-05,N,83,408,19.805,,,
2006-09-05,SIN,1.141,5.474,281.249,,,
2006-09-06,SE/CO,695,4.064,174.915,,,
2006-09-06,S,190,1.055,47.081,,,
2006-09-06,NE,174,1.006,40.507,,,
2006-09-06,N,84,491,19.889,,,
2006-09-06,SIN,1.143,6.617,282.391,,,
2006-09-07,SE/CO,623,4.687,175.537,,,
2006-09-07,S,157,1.213,47.239,,,
2006-09-07,NE,154,1.160,40.660,,,
2006-09-07,N,79,571,19.968,,,
2006-09-07,SIN,1.013,7.630,283.405,,,
2006-09-08,SE/CO,666,5.353,176.204,,,
2006-09-08,S,176,1.389,47.415,,,
2006-09-08,NE,165,1.325,40.825,,,
2006-09-08,N,81,652,20.049,,,
2006-09-08,SIN,1.088,8.719,284.493,,,
2006-09-09,SE/CO,636,5.988,176.839,,,
2006-09-09,S,162,1.551,47.577,,,
2006-09-09,NE,158,1.483,40.984,,,
2006-09-09,N,81,733,20.130,,,
2006-09-09,SIN,1.037,9.755,285.530,,,
2006-09-10,SE/CO,583,6.572,177.423,,,
2006-09-10,S,139,1.690,47.716,,,
2006-09-10,NE,148,1.631,41.131,,,
2006-09-10,N,78,811,20.208,,,
2006-09-10,SIN,948,10.703,286.478,,,
2006-09-11,SE/CO,712,7.284,178.135,,,
2006-09-11,S,191,1.880,47.906,,,
2006-09-11,NE,168,1.799,41.299,,,
2006-09-11,N,83,894,20.291,,,
2006-09-11,SIN,1.154,11.858,287.632,,,
2006-09-12,SE/CO,750,8.037,178.888,,,
2006-09-12,S,196,2.076,48.102,,,
2006-09-12,NE,171,1.971,41.471,,,
2006-09-12,N,83,977,20.375,,,
2006-09-12,SIN,1.200,13.060,288.835,,,
2006-09-13,SE/CO,764,8.801,179.652,,,
2006-09-13,S,200,2.276,48.302,,,
2006-09-13,NE,172,2.143,41.643,,,
2006-09-13,N,83,1.060,20.458,,,
2006-09-13,SIN,1.219,14.280,290.054,,,
2006-09-14,SE/CO,766,9.567,180.418,,,
2006-09-14,S,202,2.478,48.504,,,
2006-09-14,NE,171,2.314,41.814,,,
2006-09-14,N,83,1.143,20.540,,,
2006-09-14,SIN,1.222,15.502,291.277,,,
2006-09-15,SE/CO,774,10.341,181.192,,,
2006-09-15,S,202,2.681,48.707,,,
2006-09-15,NE,175,2.489,41.989,,,
2006-09-15,N,84,1.227,20.624,,,
2006-09-15,SIN,1.235,16.737,292.512,,,
2006-09-16,SE/CO,707,11.048,181.899,,,
2006-09-16,S,169,2.849,48.875,,,
2006-09-16,NE,166,2.654,42.155,,,
2006-09-16,N,81,1.308,20.706,,,
2006-09-16,SIN,1.123,17.860,293.635,,,
2006-09-17,SE/CO,616,11.664,182.515,,,
2006-09-17,S,140,2.989,49.015,,,
2006-09-17,NE,152,2.806,42.307,,,
2006-09-17,N,78,1.387,20.784,,,
2006-09-17,SIN,986,18.846,294.620,,,
2006-09-18,SE/CO,725,12.389,183.240,,,
2006-09-18,S,184,3.173,49.199,,,
2006-09-18,NE,173,2.979,42.480,,,
2006-09-18,N,84,1.471,20.868,,,
2006-09-18,SIN,1.166,20.012,295.787,,,
